opportunity_key,vertical,use_case_id,technology_id,market_size_status,europe_low_eur,europe_central_eur,europe_high_eur,countries_covered,countries_expected,coverage_ratio,coverage_status,nace_component_coverage_ratio,nace_component_coverage_status,blocking_reasons,public_employment_persons,general_public_services_expenditure_eur,defence_expenditure_eur,linked_ted_notice_count,nace_codes,denominator_method,vertical_mapping_status,vertical_mapping_quality,vertical_statistical_scope,vertical_mapping_limitation,technology_proxy,technology_mapping_status
Aerospace|anomaly-detection|cybersecurity-platform,Aerospace,anomaly-detection,cybersecurity-platform,pending_or_unavailable,,,,23,29,0.7931034482758621,partial,0.7931034482758621,partial,blocked_annual_value_not_approved,,,,0,['C303'],sbs_enterprise_count,mapped,narrow_proxy,Manufacture of air and spacecraft and related machinery,"Does not include airlines, airports, space research or the wider aerospace supply chain.",cybersecurity,mapped_proxy
Aerospace|anomaly-detection|machine-learning,Aerospace,anomaly-detection,machine-learning,pending_or_unavailable,,,,23,29,0.7931034482758621,partial,0.7931034482758621,partial,blocked_annual_value_not_approved,,,,0,['C303'],sbs_enterprise_count,mapped,narrow_proxy,Manufacture of air and spacecraft and related machinery,"Does not include airlines, airports, space research or the wider aerospace supply chain.",ai,mapped_proxy
Aerospace|asset-tracking|autonomous-vehicles-drones,Aerospace,asset-tracking,autonomous-vehicles-drones,pending_or_unavailable,,,,23,29,0.7931034482758621,partial,0.7931034482758621,partial,blocked_annual_value_not_approved,,,,0,['C303'],sbs_enterprise_count,mapped,narrow_proxy,Manufacture of air and spacecraft and related machinery,"Does not include airlines, airports, space research or the wider aerospace supply chain.",iot,mapped_proxy
Aerospace|asset-tracking|blockchain-distributed-ledger,Aerospace,asset-tracking,blockchain-distributed-ledger,pending_or_unavailable,,,,0,29,0.0,no_country_data,0.0,no_component_data,blocked_technology_proxy_gap,,,,0,['C303'],sbs_enterprise_count,mapped,narrow_proxy,Manufacture of air and spacecraft and related machinery,"Does not include airlines, airports, space research or the wider aerospace supply chain.",,no_defensible_available_ict_proxy
Aerospace|asset-tracking|computer-vision,Aerospace,asset-tracking,computer-vision,pending_or_unavailable,,,,23,29,0.7931034482758621,partial,0.7931034482758621,partial,blocked_annual_value_not_approved,,,,0,['C303'],sbs_enterprise_count,mapped,narrow_proxy,Manufacture of air and spacecraft and related machinery,"Does not include airlines, airports, space research or the wider aerospace supply chain.",ai,mapped_proxy
Aerospace|asset-tracking|industrial-robotics,Aerospace,asset-tracking,industrial-robotics,pending_or_unavailable,,,,23,29,0.7931034482758621,partial,0.7931034482758621,partial,blocked_annual_value_not_approved,,,,0,['C303'],sbs_enterprise_count,mapped,narrow_proxy,Manufacture of air and spacecraft and related machinery,"Does not include airlines, airports, space research or the wider aerospace supply chain.",iot,mapped_proxy
Aerospace|asset-tracking|iot-platforms,Aerospace,asset-tracking,iot-platforms,pending_or_unavailable,,,,23,29,0.7931034482758621,partial,0.7931034482758621,partial,blocked_annual_value_not_approved,,,,0,['C303'],sbs_enterprise_count,mapped,narrow_proxy,Manufacture of air and spacecraft and related machinery,"Does not include airlines, airports, space research or the wider aerospace supply chain.",iot,mapped_proxy
Aerospace|automated-inspection-defect-detection|computer-vision,Aerospace,automated-inspection-defect-detection,computer-vision,pending_or_unavailable,,,,23,29,0.7931034482758621,partial,0.7931034482758621,partial,blocked_annual_value_not_approved,,,,0,['C303'],sbs_enterprise_count,mapped,narrow_proxy,Manufacture of air and spacecraft and related machinery,"Does not include airlines, airports, space research or the wider aerospace supply chain.",ai,mapped_proxy
Aerospace|automated-inspection-defect-detection|industrial-robotics,Aerospace,automated-inspection-defect-detection,industrial-robotics,pending_or_unavailable,,,,23,29,0.7931034482758621,partial,0.7931034482758621,partial,blocked_annual_value_not_approved,,,,0,['C303'],sbs_enterprise_count,mapped,narrow_proxy,Manufacture of air and spacecraft and related machinery,"Does not include airlines, airports, space research or the wider aerospace supply chain.",iot,mapped_proxy
Aerospace|automated-inspection-defect-detection|iot-platforms,Aerospace,automated-inspection-defect-detection,iot-platforms,pending_or_unavailable,,,,23,29,0.7931034482758621,partial,0.7931034482758621,partial,blocked_annual_value_not_approved,,,,0,['C303'],sbs_enterprise_count,mapped,narrow_proxy,Manufacture of air and spacecraft and related machinery,"Does not include airlines, airports, space research or the wider aerospace supply chain.",iot,mapped_proxy
Aerospace|compliance-monitoring|connectivity-5g,Aerospace,compliance-monitoring,connectivity-5g,pending_or_unavailable,,,,0,29,0.0,no_country_data,0.0,no_component_data,blocked_technology_proxy_gap,,,,0,['C303'],sbs_enterprise_count,mapped,narrow_proxy,Manufacture of air and spacecraft and related machinery,"Does not include airlines, airports, space research or the wider aerospace supply chain.",,no_defensible_available_ict_proxy
Aerospace|diagnostic-support|computer-vision,Aerospace,diagnostic-support,computer-vision,pending_or_unavailable,,,,23,29,0.7931034482758621,partial,0.7931034482758621,partial,blocked_annual_value_not_approved,,,,0,['C303'],sbs_enterprise_count,mapped,narrow_proxy,Manufacture of air and spacecraft and related machinery,"Does not include airlines, airports, space research or the wider aerospace supply chain.",ai,mapped_proxy
Aerospace|environmental-emissions-monitoring|cloud-data-platform,Aerospace,environmental-emissions-monitoring,cloud-data-platform,pending_or_unavailable,,,,23,29,0.7931034482758621,partial,0.7931034482758621,partial,blocked_annual_value_not_approved,,,,0,['C303'],sbs_enterprise_count,mapped,narrow_proxy,Manufacture of air and spacecraft and related machinery,"Does not include airlines, airports, space research or the wider aerospace supply chain.",cloud,mapped_proxy
Aerospace|environmental-emissions-monitoring|computer-vision,Aerospace,environmental-emissions-monitoring,computer-vision,pending_or_unavailable,,,,23,29,0.7931034482758621,partial,0.7931034482758621,partial,blocked_annual_value_not_approved,,,,0,['C303'],sbs_enterprise_count,mapped,narrow_proxy,Manufacture of air and spacecraft and related machinery,"Does not include airlines, airports, space research or the wider aerospace supply chain.",ai,mapped_proxy
Aerospace|environmental-emissions-monitoring|digital-twin,Aerospace,environmental-emissions-monitoring,digital-twin,pending_or_unavailable,,,,23,29,0.7931034482758621,partial,0.7931034482758621,partial,blocked_annual_value_not_approved,,,,0,['C303'],sbs_enterprise_count,mapped,narrow_proxy,Manufacture of air and spacecraft and related machinery,"Does not include airlines, airports, space research or the wider aerospace supply chain.",cloud,mapped_proxy
Aerospace|environmental-emissions-monitoring|iot-platforms,Aerospace,environmental-emissions-monitoring,iot-platforms,pending_or_unavailable,,,,23,29,0.7931034482758621,partial,0.7931034482758621,partial,blocked_annual_value_not_approved,,,,0,['C303'],sbs_enterprise_count,mapped,narrow_proxy,Manufacture of air and spacecraft and related machinery,"Does not include airlines, airports, space research or the wider aerospace supply chain.",iot,mapped_proxy
Aerospace|environmental-emissions-monitoring|machine-learning,Aerospace,environmental-emissions-monitoring,machine-learning,pending_or_unavailable,,,,23,29,0.7931034482758621,partial,0.7931034482758621,partial,blocked_annual_value_not_approved,,,,0,['C303'],sbs_enterprise_count,mapped,narrow_proxy,Manufacture of air and spacecraft and related machinery,"Does not include airlines, airports, space research or the wider aerospace supply chain.",ai,mapped_proxy
Aerospace|network-optimization|connectivity-5g,Aerospace,network-optimization,connectivity-5g,pending_or_unavailable,,,,0,29,0.0,no_country_data,0.0,no_component_data,blocked_technology_proxy_gap,,,,0,['C303'],sbs_enterprise_count,mapped,narrow_proxy,Manufacture of air and spacecraft and related machinery,"Does not include airlines, airports, space research or the wider aerospace supply chain.",,no_defensible_available_ict_proxy
Aerospace|network-optimization|iot-platforms,Aerospace,network-optimization,iot-platforms,pending_or_unavailable,,,,23,29,0.7931034482758621,partial,0.7931034482758621,partial,blocked_annual_value_not_approved,,,,0,['C303'],sbs_enterprise_count,mapped,narrow_proxy,Manufacture of air and spacecraft and related machinery,"Does not include airlines, airports, space research or the wider aerospace supply chain.",iot,mapped_proxy
Aerospace|precision-agriculture|computer-vision,Aerospace,precision-agriculture,computer-vision,pending_or_unavailable,,,,23,29,0.7931034482758621,partial,0.7931034482758621,partial,blocked_annual_value_not_approved,,,,0,['C303'],sbs_enterprise_count,mapped,narrow_proxy,Manufacture of air and spacecraft and related machinery,"Does not include airlines, airports, space research or the wider aerospace supply chain.",ai,mapped_proxy
Aerospace|precision-agriculture|iot-platforms,Aerospace,precision-agriculture,iot-platforms,pending_or_unavailable,,,,23,29,0.7931034482758621,partial,0.7931034482758621,partial,blocked_annual_value_not_approved,,,,0,['C303'],sbs_enterprise_count,mapped,narrow_proxy,Manufacture of air and spacecraft and related machinery,"Does not include airlines, airports, space research or the wider aerospace supply chain.",iot,mapped_proxy
Aerospace|predictive-maintenance|autonomous-vehicles-drones,Aerospace,predictive-maintenance,autonomous-vehicles-drones,pending_or_unavailable,,,,23,29,0.7931034482758621,partial,0.7931034482758621,partial,blocked_annual_value_not_approved,,,,0,['C303'],sbs_enterprise_count,mapped,narrow_proxy,Manufacture of air and spacecraft and related machinery,"Does not include airlines, airports, space research or the wider aerospace supply chain.",iot,mapped_proxy
Aerospace|predictive-maintenance|digital-twin,Aerospace,predictive-maintenance,digital-twin,pending_or_unavailable,,,,23,29,0.7931034482758621,partial,0.7931034482758621,partial,blocked_annual_value_not_approved,,,,0,['C303'],sbs_enterprise_count,mapped,narrow_proxy,Manufacture of air and spacecraft and related machinery,"Does not include airlines, airports, space research or the wider aerospace supply chain.",cloud,mapped_proxy
Aerospace|predictive-maintenance|edge-computing,Aerospace,predictive-maintenance,edge-computing,pending_or_unavailable,,,,23,29,0.7931034482758621,partial,0.7931034482758621,partial,blocked_annual_value_not_approved,,,,0,['C303'],sbs_enterprise_count,mapped,narrow_proxy,Manufacture of air and spacecraft and related machinery,"Does not include airlines, airports, space research or the wider aerospace supply chain.",cloud,mapped_proxy
Aerospace|predictive-maintenance|industrial-robotics,Aerospace,predictive-maintenance,industrial-robotics,pending_or_unavailable,,,,23,29,0.7931034482758621,partial,0.7931034482758621,partial,blocked_annual_value_not_approved,,,,0,['C303'],sbs_enterprise_count,mapped,narrow_proxy,Manufacture of air and spacecraft and related machinery,"Does not include airlines, airports, space research or the wider aerospace supply chain.",iot,mapped_proxy
Aerospace|predictive-maintenance|iot-platforms,Aerospace,predictive-maintenance,iot-platforms,pending_or_unavailable,,,,23,29,0.7931034482758621,partial,0.7931034482758621,partial,blocked_annual_value_not_approved,,,,0,['C303'],sbs_enterprise_count,mapped,narrow_proxy,Manufacture of air and spacecraft and related machinery,"Does not include airlines, airports, space research or the wider aerospace supply chain.",iot,mapped_proxy
Aerospace|route-optimization|autonomous-vehicles-drones,Aerospace,route-optimization,autonomous-vehicles-drones,pending_or_unavailable,,,,23,29,0.7931034482758621,partial,0.7931034482758621,partial,blocked_annual_value_not_approved,,,,0,['C303'],sbs_enterprise_count,mapped,narrow_proxy,Manufacture of air and spacecraft and related machinery,"Does not include airlines, airports, space research or the wider aerospace supply chain.",iot,mapped_proxy
Automotive|anomaly-detection|computer-vision,Automotive,anomaly-detection,computer-vision,pending_or_unavailable,,,,24,29,0.8275862068965517,partial,0.8275862068965517,partial,blocked_annual_value_not_approved,,,,0,['C29'],sbs_enterprise_count,mapped,direct_sector_proxy,"Manufacture of motor vehicles, trailers and semi-trailers","Does not include vehicle retail, repair, mobility services or all upstream suppliers.",ai,mapped_proxy
Automotive|anomaly-detection|cybersecurity-platform,Automotive,anomaly-detection,cybersecurity-platform,pending_or_unavailable,,,,24,29,0.8275862068965517,partial,0.8275862068965517,partial,blocked_annual_value_not_approved,,,,0,['C29'],sbs_enterprise_count,mapped,direct_sector_proxy,"Manufacture of motor vehicles, trailers and semi-trailers","Does not include vehicle retail, repair, mobility services or all upstream suppliers.",cybersecurity,mapped_proxy
Automotive|anomaly-detection|machine-learning,Automotive,anomaly-detection,machine-learning,pending_or_unavailable,,,,24,29,0.8275862068965517,partial,0.8275862068965517,partial,blocked_annual_value_not_approved,,,,0,['C29'],sbs_enterprise_count,mapped,direct_sector_proxy,"Manufacture of motor vehicles, trailers and semi-trailers","Does not include vehicle retail, repair, mobility services or all upstream suppliers.",ai,mapped_proxy
Automotive|asset-tracking|autonomous-vehicles-drones,Automotive,asset-tracking,autonomous-vehicles-drones,pending_or_unavailable,,,,24,29,0.8275862068965517,partial,0.8275862068965517,partial,blocked_annual_value_not_approved,,,,0,['C29'],sbs_enterprise_count,mapped,direct_sector_proxy,"Manufacture of motor vehicles, trailers and semi-trailers","Does not include vehicle retail, repair, mobility services or all upstream suppliers.",iot,mapped_proxy
Automotive|asset-tracking|cloud-data-platform,Automotive,asset-tracking,cloud-data-platform,pending_or_unavailable,,,,24,29,0.8275862068965517,partial,0.8275862068965517,partial,blocked_annual_value_not_approved,,,,0,['C29'],sbs_enterprise_count,mapped,direct_sector_proxy,"Manufacture of motor vehicles, trailers and semi-trailers","Does not include vehicle retail, repair, mobility services or all upstream suppliers.",cloud,mapped_proxy
Automotive|asset-tracking|digital-twin,Automotive,asset-tracking,digital-twin,pending_or_unavailable,,,,24,29,0.8275862068965517,partial,0.8275862068965517,partial,blocked_annual_value_not_approved,,,,0,['C29'],sbs_enterprise_count,mapped,direct_sector_proxy,"Manufacture of motor vehicles, trailers and semi-trailers","Does not include vehicle retail, repair, mobility services or all upstream suppliers.",cloud,mapped_proxy
Automotive|asset-tracking|iot-platforms,Automotive,asset-tracking,iot-platforms,pending_or_unavailable,,,,24,29,0.8275862068965517,partial,0.8275862068965517,partial,blocked_annual_value_not_approved,,,,0,['C29'],sbs_enterprise_count,mapped,direct_sector_proxy,"Manufacture of motor vehicles, trailers and semi-trailers","Does not include vehicle retail, repair, mobility services or all upstream suppliers.",iot,mapped_proxy
Automotive|asset-tracking|rfid-asset-tagging,Automotive,asset-tracking,rfid-asset-tagging,pending_or_unavailable,,,,24,29,0.8275862068965517,partial,0.8275862068965517,partial,blocked_annual_value_not_approved,,,,0,['C29'],sbs_enterprise_count,mapped,direct_sector_proxy,"Manufacture of motor vehicles, trailers and semi-trailers","Does not include vehicle retail, repair, mobility services or all upstream suppliers.",iot,mapped_proxy
Automotive|automated-inspection-defect-detection|computer-vision,Automotive,automated-inspection-defect-detection,computer-vision,pending_or_unavailable,,,,24,29,0.8275862068965517,partial,0.8275862068965517,partial,blocked_annual_value_not_approved,,,,0,['C29'],sbs_enterprise_count,mapped,direct_sector_proxy,"Manufacture of motor vehicles, trailers and semi-trailers","Does not include vehicle retail, repair, mobility services or all upstream suppliers.",ai,mapped_proxy
Automotive|compliance-monitoring|cloud-data-platform,Automotive,compliance-monitoring,cloud-data-platform,pending_or_unavailable,,,,24,29,0.8275862068965517,partial,0.8275862068965517,partial,blocked_annual_value_not_approved,,,,0,['C29'],sbs_enterprise_count,mapped,direct_sector_proxy,"Manufacture of motor vehicles, trailers and semi-trailers","Does not include vehicle retail, repair, mobility services or all upstream suppliers.",cloud,mapped_proxy
Automotive|compliance-monitoring|computer-vision,Automotive,compliance-monitoring,computer-vision,pending_or_unavailable,,,,24,29,0.8275862068965517,partial,0.8275862068965517,partial,blocked_annual_value_not_approved,,,,0,['C29'],sbs_enterprise_count,mapped,direct_sector_proxy,"Manufacture of motor vehicles, trailers and semi-trailers","Does not include vehicle retail, repair, mobility services or all upstream suppliers.",ai,mapped_proxy
Automotive|compliance-monitoring|cybersecurity-platform,Automotive,compliance-monitoring,cybersecurity-platform,pending_or_unavailable,,,,24,29,0.8275862068965517,partial,0.8275862068965517,partial,blocked_annual_value_not_approved,,,,0,['C29'],sbs_enterprise_count,mapped,direct_sector_proxy,"Manufacture of motor vehicles, trailers and semi-trailers","Does not include vehicle retail, repair, mobility services or all upstream suppliers.",cybersecurity,mapped_proxy
Automotive|compliance-monitoring|iot-platforms,Automotive,compliance-monitoring,iot-platforms,pending_or_unavailable,,,,24,29,0.8275862068965517,partial,0.8275862068965517,partial,blocked_annual_value_not_approved,,,,0,['C29'],sbs_enterprise_count,mapped,direct_sector_proxy,"Manufacture of motor vehicles, trailers and semi-trailers","Does not include vehicle retail, repair, mobility services or all upstream suppliers.",iot,mapped_proxy
Automotive|energy-optimization|iot-platforms,Automotive,energy-optimization,iot-platforms,pending_or_unavailable,,,,24,29,0.8275862068965517,partial,0.8275862068965517,partial,blocked_annual_value_not_approved,,,,0,['C29'],sbs_enterprise_count,mapped,direct_sector_proxy,"Manufacture of motor vehicles, trailers and semi-trailers","Does not include vehicle retail, repair, mobility services or all upstream suppliers.",iot,mapped_proxy
Automotive|energy-optimization|machine-learning,Automotive,energy-optimization,machine-learning,pending_or_unavailable,,,,24,29,0.8275862068965517,partial,0.8275862068965517,partial,blocked_annual_value_not_approved,,,,0,['C29'],sbs_enterprise_count,mapped,direct_sector_proxy,"Manufacture of motor vehicles, trailers and semi-trailers","Does not include vehicle retail, repair, mobility services or all upstream suppliers.",ai,mapped_proxy
Automotive|environmental-emissions-monitoring|machine-learning,Automotive,environmental-emissions-monitoring,machine-learning,pending_or_unavailable,,,,24,29,0.8275862068965517,partial,0.8275862068965517,partial,blocked_annual_value_not_approved,,,,0,['C29'],sbs_enterprise_count,mapped,direct_sector_proxy,"Manufacture of motor vehicles, trailers and semi-trailers","Does not include vehicle retail, repair, mobility services or all upstream suppliers.",ai,mapped_proxy
Automotive|fraud-detection|machine-learning,Automotive,fraud-detection,machine-learning,pending_or_unavailable,,,,24,29,0.8275862068965517,partial,0.8275862068965517,partial,blocked_annual_value_not_approved,,,,0,['C29'],sbs_enterprise_count,mapped,direct_sector_proxy,"Manufacture of motor vehicles, trailers and semi-trailers","Does not include vehicle retail, repair, mobility services or all upstream suppliers.",ai,mapped_proxy
Automotive|network-optimization|digital-twin,Automotive,network-optimization,digital-twin,pending_or_unavailable,,,,24,29,0.8275862068965517,partial,0.8275862068965517,partial,blocked_annual_value_not_approved,,,,0,['C29'],sbs_enterprise_count,mapped,direct_sector_proxy,"Manufacture of motor vehicles, trailers and semi-trailers","Does not include vehicle retail, repair, mobility services or all upstream suppliers.",cloud,mapped_proxy
Automotive|predictive-maintenance|digital-twin,Automotive,predictive-maintenance,digital-twin,pending_or_unavailable,,,,24,29,0.8275862068965517,partial,0.8275862068965517,partial,blocked_annual_value_not_approved,,,,0,['C29'],sbs_enterprise_count,mapped,direct_sector_proxy,"Manufacture of motor vehicles, trailers and semi-trailers","Does not include vehicle retail, repair, mobility services or all upstream suppliers.",cloud,mapped_proxy
Automotive|predictive-maintenance|industrial-robotics,Automotive,predictive-maintenance,industrial-robotics,pending_or_unavailable,,,,24,29,0.8275862068965517,partial,0.8275862068965517,partial,blocked_annual_value_not_approved,,,,0,['C29'],sbs_enterprise_count,mapped,direct_sector_proxy,"Manufacture of motor vehicles, trailers and semi-trailers","Does not include vehicle retail, repair, mobility services or all upstream suppliers.",iot,mapped_proxy
Automotive|predictive-maintenance|machine-learning,Automotive,predictive-maintenance,machine-learning,pending_or_unavailable,,,,24,29,0.8275862068965517,partial,0.8275862068965517,partial,blocked_annual_value_not_approved,,,,0,['C29'],sbs_enterprise_count,mapped,direct_sector_proxy,"Manufacture of motor vehicles, trailers and semi-trailers","Does not include vehicle retail, repair, mobility services or all upstream suppliers.",ai,mapped_proxy
Automotive|risk-scoring|computer-vision,Automotive,risk-scoring,computer-vision,pending_or_unavailable,,,,24,29,0.8275862068965517,partial,0.8275862068965517,partial,blocked_annual_value_not_approved,,,,0,['C29'],sbs_enterprise_count,mapped,direct_sector_proxy,"Manufacture of motor vehicles, trailers and semi-trailers","Does not include vehicle retail, repair, mobility services or all upstream suppliers.",ai,mapped_proxy
Automotive|route-optimization|autonomous-vehicles-drones,Automotive,route-optimization,autonomous-vehicles-drones,pending_or_unavailable,,,,24,29,0.8275862068965517,partial,0.8275862068965517,partial,blocked_annual_value_not_approved,,,,0,['C29'],sbs_enterprise_count,mapped,direct_sector_proxy,"Manufacture of motor vehicles, trailers and semi-trailers","Does not include vehicle retail, repair, mobility services or all upstream suppliers.",iot,mapped_proxy
Automotive|route-optimization|digital-twin,Automotive,route-optimization,digital-twin,pending_or_unavailable,,,,24,29,0.8275862068965517,partial,0.8275862068965517,partial,blocked_annual_value_not_approved,,,,0,['C29'],sbs_enterprise_count,mapped,direct_sector_proxy,"Manufacture of motor vehicles, trailers and semi-trailers","Does not include vehicle retail, repair, mobility services or all upstream suppliers.",cloud,mapped_proxy
Automotive|route-optimization|machine-learning,Automotive,route-optimization,machine-learning,pending_or_unavailable,,,,24,29,0.8275862068965517,partial,0.8275862068965517,partial,blocked_annual_value_not_approved,,,,0,['C29'],sbs_enterprise_count,mapped,direct_sector_proxy,"Manufacture of motor vehicles, trailers and semi-trailers","Does not include vehicle retail, repair, mobility services or all upstream suppliers.",ai,mapped_proxy
Defense|anomaly-detection|cloud-data-platform,Defense,anomaly-detection,cloud-data-platform,pending_or_unavailable,,,,22,29,0.7586206896551724,partial,0.7586206896551724,partial,blocked_annual_value_not_approved,,,,0,['C254'],sbs_enterprise_count,mapped,narrow_proxy,Manufacture of weapons and ammunition,"A narrow industrial proxy; it excludes armed forces, most defense services, aerospace defense and dual-use suppliers.",cloud,mapped_proxy
Defense|anomaly-detection|computer-vision,Defense,anomaly-detection,computer-vision,pending_or_unavailable,,,,22,29,0.7586206896551724,partial,0.7586206896551724,partial,blocked_annual_value_not_approved,,,,0,['C254'],sbs_enterprise_count,mapped,narrow_proxy,Manufacture of weapons and ammunition,"A narrow industrial proxy; it excludes armed forces, most defense services, aerospace defense and dual-use suppliers.",ai,mapped_proxy
Defense|anomaly-detection|digital-twin,Defense,anomaly-detection,digital-twin,pending_or_unavailable,,,,22,29,0.7586206896551724,partial,0.7586206896551724,partial,blocked_annual_value_not_approved,,,,0,['C254'],sbs_enterprise_count,mapped,narrow_proxy,Manufacture of weapons and ammunition,"A narrow industrial proxy; it excludes armed forces, most defense services, aerospace defense and dual-use suppliers.",cloud,mapped_proxy
Defense|anomaly-detection|iot-platforms,Defense,anomaly-detection,iot-platforms,pending_or_unavailable,,,,22,29,0.7586206896551724,partial,0.7586206896551724,partial,blocked_annual_value_not_approved,,,,0,['C254'],sbs_enterprise_count,mapped,narrow_proxy,Manufacture of weapons and ammunition,"A narrow industrial proxy; it excludes armed forces, most defense services, aerospace defense and dual-use suppliers.",iot,mapped_proxy
Defense|anomaly-detection|machine-learning,Defense,anomaly-detection,machine-learning,pending_or_unavailable,,,,22,29,0.7586206896551724,partial,0.7586206896551724,partial,blocked_annual_value_not_approved,,,,0,['C254'],sbs_enterprise_count,mapped,narrow_proxy,Manufacture of weapons and ammunition,"A narrow industrial proxy; it excludes armed forces, most defense services, aerospace defense and dual-use suppliers.",ai,mapped_proxy
Defense|asset-tracking|autonomous-vehicles-drones,Defense,asset-tracking,autonomous-vehicles-drones,pending_or_unavailable,,,,22,29,0.7586206896551724,partial,0.7586206896551724,partial,blocked_annual_value_not_approved,,,,0,['C254'],sbs_enterprise_count,mapped,narrow_proxy,Manufacture of weapons and ammunition,"A narrow industrial proxy; it excludes armed forces, most defense services, aerospace defense and dual-use suppliers.",iot,mapped_proxy
Defense|asset-tracking|computer-vision,Defense,asset-tracking,computer-vision,pending_or_unavailable,,,,22,29,0.7586206896551724,partial,0.7586206896551724,partial,blocked_annual_value_not_approved,,,,0,['C254'],sbs_enterprise_count,mapped,narrow_proxy,Manufacture of weapons and ammunition,"A narrow industrial proxy; it excludes armed forces, most defense services, aerospace defense and dual-use suppliers.",ai,mapped_proxy
Defense|asset-tracking|iot-platforms,Defense,asset-tracking,iot-platforms,pending_or_unavailable,,,,22,29,0.7586206896551724,partial,0.7586206896551724,partial,blocked_annual_value_not_approved,,,,0,['C254'],sbs_enterprise_count,mapped,narrow_proxy,Manufacture of weapons and ammunition,"A narrow industrial proxy; it excludes armed forces, most defense services, aerospace defense and dual-use suppliers.",iot,mapped_proxy
Defense|automated-inspection-defect-detection|iot-platforms,Defense,automated-inspection-defect-detection,iot-platforms,pending_or_unavailable,,,,22,29,0.7586206896551724,partial,0.7586206896551724,partial,blocked_annual_value_not_approved,,,,0,['C254'],sbs_enterprise_count,mapped,narrow_proxy,Manufacture of weapons and ammunition,"A narrow industrial proxy; it excludes armed forces, most defense services, aerospace defense and dual-use suppliers.",iot,mapped_proxy
Defense|compliance-monitoring|blockchain-distributed-ledger,Defense,compliance-monitoring,blockchain-distributed-ledger,pending_or_unavailable,,,,0,29,0.0,no_country_data,0.0,no_component_data,blocked_technology_proxy_gap,,,,0,['C254'],sbs_enterprise_count,mapped,narrow_proxy,Manufacture of weapons and ammunition,"A narrow industrial proxy; it excludes armed forces, most defense services, aerospace defense and dual-use suppliers.",,no_defensible_available_ict_proxy
Defense|compliance-monitoring|cloud-data-platform,Defense,compliance-monitoring,cloud-data-platform,pending_or_unavailable,,,,22,29,0.7586206896551724,partial,0.7586206896551724,partial,blocked_annual_value_not_approved,,,,0,['C254'],sbs_enterprise_count,mapped,narrow_proxy,Manufacture of weapons and ammunition,"A narrow industrial proxy; it excludes armed forces, most defense services, aerospace defense and dual-use suppliers.",cloud,mapped_proxy
Defense|compliance-monitoring|cybersecurity-platform,Defense,compliance-monitoring,cybersecurity-platform,pending_or_unavailable,,,,22,29,0.7586206896551724,partial,0.7586206896551724,partial,blocked_annual_value_not_approved,,,,0,['C254'],sbs_enterprise_count,mapped,narrow_proxy,Manufacture of weapons and ammunition,"A narrow industrial proxy; it excludes armed forces, most defense services, aerospace defense and dual-use suppliers.",cybersecurity,mapped_proxy
Defense|compliance-monitoring|edge-computing,Defense,compliance-monitoring,edge-computing,pending_or_unavailable,,,,22,29,0.7586206896551724,partial,0.7586206896551724,partial,blocked_annual_value_not_approved,,,,0,['C254'],sbs_enterprise_count,mapped,narrow_proxy,Manufacture of weapons and ammunition,"A narrow industrial proxy; it excludes armed forces, most defense services, aerospace defense and dual-use suppliers.",cloud,mapped_proxy
Defense|compliance-monitoring|iot-platforms,Defense,compliance-monitoring,iot-platforms,pending_or_unavailable,,,,22,29,0.7586206896551724,partial,0.7586206896551724,partial,blocked_annual_value_not_approved,,,,0,['C254'],sbs_enterprise_count,mapped,narrow_proxy,Manufacture of weapons and ammunition,"A narrow industrial proxy; it excludes armed forces, most defense services, aerospace defense and dual-use suppliers.",iot,mapped_proxy
Defense|compliance-monitoring|machine-learning,Defense,compliance-monitoring,machine-learning,pending_or_unavailable,,,,22,29,0.7586206896551724,partial,0.7586206896551724,partial,blocked_annual_value_not_approved,,,,0,['C254'],sbs_enterprise_count,mapped,narrow_proxy,Manufacture of weapons and ammunition,"A narrow industrial proxy; it excludes armed forces, most defense services, aerospace defense and dual-use suppliers.",ai,mapped_proxy
Defense|energy-optimization|digital-twin,Defense,energy-optimization,digital-twin,pending_or_unavailable,,,,22,29,0.7586206896551724,partial,0.7586206896551724,partial,blocked_annual_value_not_approved,,,,0,['C254'],sbs_enterprise_count,mapped,narrow_proxy,Manufacture of weapons and ammunition,"A narrow industrial proxy; it excludes armed forces, most defense services, aerospace defense and dual-use suppliers.",cloud,mapped_proxy
Defense|environmental-emissions-monitoring|cloud-data-platform,Defense,environmental-emissions-monitoring,cloud-data-platform,pending_or_unavailable,,,,22,29,0.7586206896551724,partial,0.7586206896551724,partial,blocked_annual_value_not_approved,,,,0,['C254'],sbs_enterprise_count,mapped,narrow_proxy,Manufacture of weapons and ammunition,"A narrow industrial proxy; it excludes armed forces, most defense services, aerospace defense and dual-use suppliers.",cloud,mapped_proxy
Defense|environmental-emissions-monitoring|iot-platforms,Defense,environmental-emissions-monitoring,iot-platforms,pending_or_unavailable,,,,22,29,0.7586206896551724,partial,0.7586206896551724,partial,blocked_annual_value_not_approved,,,,0,['C254'],sbs_enterprise_count,mapped,narrow_proxy,Manufacture of weapons and ammunition,"A narrow industrial proxy; it excludes armed forces, most defense services, aerospace defense and dual-use suppliers.",iot,mapped_proxy
Defense|fraud-detection|computer-vision,Defense,fraud-detection,computer-vision,pending_or_unavailable,,,,22,29,0.7586206896551724,partial,0.7586206896551724,partial,blocked_annual_value_not_approved,,,,0,['C254'],sbs_enterprise_count,mapped,narrow_proxy,Manufacture of weapons and ammunition,"A narrow industrial proxy; it excludes armed forces, most defense services, aerospace defense and dual-use suppliers.",ai,mapped_proxy
Defense|it-operations-automation|cybersecurity-platform,Defense,it-operations-automation,cybersecurity-platform,pending_or_unavailable,,,,22,29,0.7586206896551724,partial,0.7586206896551724,partial,blocked_annual_value_not_approved,,,,0,['C254'],sbs_enterprise_count,mapped,narrow_proxy,Manufacture of weapons and ammunition,"A narrow industrial proxy; it excludes armed forces, most defense services, aerospace defense and dual-use suppliers.",cybersecurity,mapped_proxy
Defense|kyc-aml-automation|blockchain-distributed-ledger,Defense,kyc-aml-automation,blockchain-distributed-ledger,pending_or_unavailable,,,,0,29,0.0,no_country_data,0.0,no_component_data,blocked_technology_proxy_gap,,,,0,['C254'],sbs_enterprise_count,mapped,narrow_proxy,Manufacture of weapons and ammunition,"A narrow industrial proxy; it excludes armed forces, most defense services, aerospace defense and dual-use suppliers.",,no_defensible_available_ict_proxy
Defense|network-optimization|cybersecurity-platform,Defense,network-optimization,cybersecurity-platform,pending_or_unavailable,,,,22,29,0.7586206896551724,partial,0.7586206896551724,partial,blocked_annual_value_not_approved,,,,0,['C254'],sbs_enterprise_count,mapped,narrow_proxy,Manufacture of weapons and ammunition,"A narrow industrial proxy; it excludes armed forces, most defense services, aerospace defense and dual-use suppliers.",cybersecurity,mapped_proxy
Defense|route-optimization|machine-learning,Defense,route-optimization,machine-learning,pending_or_unavailable,,,,22,29,0.7586206896551724,partial,0.7586206896551724,partial,blocked_annual_value_not_approved,,,,0,['C254'],sbs_enterprise_count,mapped,narrow_proxy,Manufacture of weapons and ammunition,"A narrow industrial proxy; it excludes armed forces, most defense services, aerospace defense and dual-use suppliers.",ai,mapped_proxy
Energy|anomaly-detection|cybersecurity-platform,Energy,anomaly-detection,cybersecurity-platform,pending_or_unavailable,,,,25,29,0.8620689655172413,partial,0.8620689655172413,partial,blocked_annual_value_not_approved,,,,0,['D35'],sbs_enterprise_count,mapped,sector_proxy,"Electricity, gas, steam and air-conditioning supply","Does not include all extraction, fuel retail or energy-equipment manufacturing.",cybersecurity,mapped_proxy
Energy|automated-inspection-defect-detection|industrial-robotics,Energy,automated-inspection-defect-detection,industrial-robotics,pending_or_unavailable,,,,25,29,0.8620689655172413,partial,0.8620689655172413,partial,blocked_annual_value_not_approved,,,,0,['D35'],sbs_enterprise_count,mapped,sector_proxy,"Electricity, gas, steam and air-conditioning supply","Does not include all extraction, fuel retail or energy-equipment manufacturing.",iot,mapped_proxy
Energy|compliance-monitoring|cybersecurity-platform,Energy,compliance-monitoring,cybersecurity-platform,pending_or_unavailable,,,,25,29,0.8620689655172413,partial,0.8620689655172413,partial,blocked_annual_value_not_approved,,,,0,['D35'],sbs_enterprise_count,mapped,sector_proxy,"Electricity, gas, steam and air-conditioning supply","Does not include all extraction, fuel retail or energy-equipment manufacturing.",cybersecurity,mapped_proxy
Energy|energy-optimization|blockchain-distributed-ledger,Energy,energy-optimization,blockchain-distributed-ledger,pending_or_unavailable,,,,0,29,0.0,no_country_data,0.0,no_component_data,blocked_technology_proxy_gap,,,,0,['D35'],sbs_enterprise_count,mapped,sector_proxy,"Electricity, gas, steam and air-conditioning supply","Does not include all extraction, fuel retail or energy-equipment manufacturing.",,no_defensible_available_ict_proxy
Energy|energy-optimization|cloud-data-platform,Energy,energy-optimization,cloud-data-platform,pending_or_unavailable,,,,25,29,0.8620689655172413,partial,0.8620689655172413,partial,blocked_annual_value_not_approved,,,,0,['D35'],sbs_enterprise_count,mapped,sector_proxy,"Electricity, gas, steam and air-conditioning supply","Does not include all extraction, fuel retail or energy-equipment manufacturing.",cloud,mapped_proxy
Energy|energy-optimization|digital-twin,Energy,energy-optimization,digital-twin,pending_or_unavailable,,,,25,29,0.8620689655172413,partial,0.8620689655172413,partial,blocked_annual_value_not_approved,,,,0,['D35'],sbs_enterprise_count,mapped,sector_proxy,"Electricity, gas, steam and air-conditioning supply","Does not include all extraction, fuel retail or energy-equipment manufacturing.",cloud,mapped_proxy
Energy|energy-optimization|iot-platforms,Energy,energy-optimization,iot-platforms,pending_or_unavailable,,,,25,29,0.8620689655172413,partial,0.8620689655172413,partial,blocked_annual_value_not_approved,,,,0,['D35'],sbs_enterprise_count,mapped,sector_proxy,"Electricity, gas, steam and air-conditioning supply","Does not include all extraction, fuel retail or energy-equipment manufacturing.",iot,mapped_proxy
Energy|energy-optimization|machine-learning,Energy,energy-optimization,machine-learning,pending_or_unavailable,,,,25,29,0.8620689655172413,partial,0.8620689655172413,partial,blocked_annual_value_not_approved,,,,0,['D35'],sbs_enterprise_count,mapped,sector_proxy,"Electricity, gas, steam and air-conditioning supply","Does not include all extraction, fuel retail or energy-equipment manufacturing.",ai,mapped_proxy
Energy|environmental-emissions-monitoring|cloud-data-platform,Energy,environmental-emissions-monitoring,cloud-data-platform,pending_or_unavailable,,,,25,29,0.8620689655172413,partial,0.8620689655172413,partial,blocked_annual_value_not_approved,,,,0,['D35'],sbs_enterprise_count,mapped,sector_proxy,"Electricity, gas, steam and air-conditioning supply","Does not include all extraction, fuel retail or energy-equipment manufacturing.",cloud,mapped_proxy
Energy|network-optimization|iot-platforms,Energy,network-optimization,iot-platforms,pending_or_unavailable,,,,25,29,0.8620689655172413,partial,0.8620689655172413,partial,blocked_annual_value_not_approved,,,,0,['D35'],sbs_enterprise_count,mapped,sector_proxy,"Electricity, gas, steam and air-conditioning supply","Does not include all extraction, fuel retail or energy-equipment manufacturing.",iot,mapped_proxy
Energy|predictive-maintenance|digital-twin,Energy,predictive-maintenance,digital-twin,pending_or_unavailable,,,,25,29,0.8620689655172413,partial,0.8620689655172413,partial,blocked_annual_value_not_approved,,,,0,['D35'],sbs_enterprise_count,mapped,sector_proxy,"Electricity, gas, steam and air-conditioning supply","Does not include all extraction, fuel retail or energy-equipment manufacturing.",cloud,mapped_proxy
Energy|predictive-maintenance|iot-platforms,Energy,predictive-maintenance,iot-platforms,pending_or_unavailable,,,,25,29,0.8620689655172413,partial,0.8620689655172413,partial,blocked_annual_value_not_approved,,,,0,['D35'],sbs_enterprise_count,mapped,sector_proxy,"Electricity, gas, steam and air-conditioning supply","Does not include all extraction, fuel retail or energy-equipment manufacturing.",iot,mapped_proxy
Energy|route-optimization|machine-learning,Energy,route-optimization,machine-learning,pending_or_unavailable,,,,25,29,0.8620689655172413,partial,0.8620689655172413,partial,blocked_annual_value_not_approved,,,,0,['D35'],sbs_enterprise_count,mapped,sector_proxy,"Electricity, gas, steam and air-conditioning supply","Does not include all extraction, fuel retail or energy-equipment manufacturing.",ai,mapped_proxy
"Finance, Banking, Insurance|anomaly-detection|iot-platforms","Finance, Banking, Insurance",anomaly-detection,iot-platforms,pending_or_unavailable,,,,25,29,0.8620689655172413,partial,0.8620689655172413,partial,blocked_annual_value_not_approved,,,,0,['K'],sbs_enterprise_count,mapped,broad_sector_proxy,Financial and insurance activities,A broad financial-sector denominator; country coverage may vary in Structural Business Statistics.,iot,mapped_proxy
"Finance, Banking, Insurance|asset-tracking|digital-twin","Finance, Banking, Insurance",asset-tracking,digital-twin,pending_or_unavailable,,,,25,29,0.8620689655172413,partial,0.8620689655172413,partial,blocked_annual_value_not_approved,,,,0,['K'],sbs_enterprise_count,mapped,broad_sector_proxy,Financial and insurance activities,A broad financial-sector denominator; country coverage may vary in Structural Business Statistics.,cloud,mapped_proxy
"Finance, Banking, Insurance|asset-tracking|iot-platforms","Finance, Banking, Insurance",asset-tracking,iot-platforms,pending_or_unavailable,,,,25,29,0.8620689655172413,partial,0.8620689655172413,partial,blocked_annual_value_not_approved,,,,0,['K'],sbs_enterprise_count,mapped,broad_sector_proxy,Financial and insurance activities,A broad financial-sector denominator; country coverage may vary in Structural Business Statistics.,iot,mapped_proxy
"Finance, Banking, Insurance|automated-inspection-defect-detection|digital-twin","Finance, Banking, Insurance",automated-inspection-defect-detection,digital-twin,pending_or_unavailable,,,,25,29,0.8620689655172413,partial,0.8620689655172413,partial,blocked_annual_value_not_approved,,,,0,['K'],sbs_enterprise_count,mapped,broad_sector_proxy,Financial and insurance activities,A broad financial-sector denominator; country coverage may vary in Structural Business Statistics.,cloud,mapped_proxy
"Finance, Banking, Insurance|business-forecasting|machine-learning","Finance, Banking, Insurance",business-forecasting,machine-learning,pending_or_unavailable,,,,25,29,0.8620689655172413,partial,0.8620689655172413,partial,blocked_annual_value_not_approved,,,,0,['K'],sbs_enterprise_count,mapped,broad_sector_proxy,Financial and insurance activities,A broad financial-sector denominator; country coverage may vary in Structural Business Statistics.,ai,mapped_proxy
"Finance, Banking, Insurance|compliance-monitoring|computer-vision","Finance, Banking, Insurance",compliance-monitoring,computer-vision,pending_or_unavailable,,,,25,29,0.8620689655172413,partial,0.8620689655172413,partial,blocked_annual_value_not_approved,,,,0,['K'],sbs_enterprise_count,mapped,broad_sector_proxy,Financial and insurance activities,A broad financial-sector denominator; country coverage may vary in Structural Business Statistics.,ai,mapped_proxy
"Finance, Banking, Insurance|compliance-monitoring|cybersecurity-platform","Finance, Banking, Insurance",compliance-monitoring,cybersecurity-platform,pending_or_unavailable,,,,25,29,0.8620689655172413,partial,0.8620689655172413,partial,blocked_annual_value_not_approved,,,,0,['K'],sbs_enterprise_count,mapped,broad_sector_proxy,Financial and insurance activities,A broad financial-sector denominator; country coverage may vary in Structural Business Statistics.,cybersecurity,mapped_proxy
"Finance, Banking, Insurance|compliance-monitoring|machine-learning","Finance, Banking, Insurance",compliance-monitoring,machine-learning,pending_or_unavailable,,,,25,29,0.8620689655172413,partial,0.8620689655172413,partial,blocked_annual_value_not_approved,,,,0,['K'],sbs_enterprise_count,mapped,broad_sector_proxy,Financial and insurance activities,A broad financial-sector denominator; country coverage may vary in Structural Business Statistics.,ai,mapped_proxy
"Finance, Banking, Insurance|energy-optimization|cloud-data-platform","Finance, Banking, Insurance",energy-optimization,cloud-data-platform,pending_or_unavailable,,,,25,29,0.8620689655172413,partial,0.8620689655172413,partial,blocked_annual_value_not_approved,,,,0,['K'],sbs_enterprise_count,mapped,broad_sector_proxy,Financial and insurance activities,A broad financial-sector denominator; country coverage may vary in Structural Business Statistics.,cloud,mapped_proxy
"Finance, Banking, Insurance|energy-optimization|digital-twin","Finance, Banking, Insurance",energy-optimization,digital-twin,pending_or_unavailable,,,,25,29,0.8620689655172413,partial,0.8620689655172413,partial,blocked_annual_value_not_approved,,,,0,['K'],sbs_enterprise_count,mapped,broad_sector_proxy,Financial and insurance activities,A broad financial-sector denominator; country coverage may vary in Structural Business Statistics.,cloud,mapped_proxy
"Finance, Banking, Insurance|energy-optimization|iot-platforms","Finance, Banking, Insurance",energy-optimization,iot-platforms,pending_or_unavailable,,,,25,29,0.8620689655172413,partial,0.8620689655172413,partial,blocked_annual_value_not_approved,,,,0,['K'],sbs_enterprise_count,mapped,broad_sector_proxy,Financial and insurance activities,A broad financial-sector denominator; country coverage may vary in Structural Business Statistics.,iot,mapped_proxy
"Finance, Banking, Insurance|fraud-detection|machine-learning","Finance, Banking, Insurance",fraud-detection,machine-learning,pending_or_unavailable,,,,25,29,0.8620689655172413,partial,0.8620689655172413,partial,blocked_annual_value_not_approved,,,,0,['K'],sbs_enterprise_count,mapped,broad_sector_proxy,Financial and insurance activities,A broad financial-sector denominator; country coverage may vary in Structural Business Statistics.,ai,mapped_proxy
"Finance, Banking, Insurance|kyc-aml-automation|blockchain-distributed-ledger","Finance, Banking, Insurance",kyc-aml-automation,blockchain-distributed-ledger,pending_or_unavailable,,,,0,29,0.0,no_country_data,0.0,no_component_data,blocked_technology_proxy_gap,,,,0,['K'],sbs_enterprise_count,mapped,broad_sector_proxy,Financial and insurance activities,A broad financial-sector denominator; country coverage may vary in Structural Business Statistics.,,no_defensible_available_ict_proxy
"Finance, Banking, Insurance|kyc-aml-automation|cloud-data-platform","Finance, Banking, Insurance",kyc-aml-automation,cloud-data-platform,pending_or_unavailable,,,,25,29,0.8620689655172413,partial,0.8620689655172413,partial,blocked_annual_value_not_approved,,,,0,['K'],sbs_enterprise_count,mapped,broad_sector_proxy,Financial and insurance activities,A broad financial-sector denominator; country coverage may vary in Structural Business Statistics.,cloud,mapped_proxy
"Finance, Banking, Insurance|kyc-aml-automation|computer-vision","Finance, Banking, Insurance",kyc-aml-automation,computer-vision,pending_or_unavailable,,,,25,29,0.8620689655172413,partial,0.8620689655172413,partial,blocked_annual_value_not_approved,,,,0,['K'],sbs_enterprise_count,mapped,broad_sector_proxy,Financial and insurance activities,A broad financial-sector denominator; country coverage may vary in Structural Business Statistics.,ai,mapped_proxy
"Finance, Banking, Insurance|personalized-recommendations|machine-learning","Finance, Banking, Insurance",personalized-recommendations,machine-learning,pending_or_unavailable,,,,25,29,0.8620689655172413,partial,0.8620689655172413,partial,blocked_annual_value_not_approved,,,,0,['K'],sbs_enterprise_count,mapped,broad_sector_proxy,Financial and insurance activities,A broad financial-sector denominator; country coverage may vary in Structural Business Statistics.,ai,mapped_proxy
"Finance, Banking, Insurance|precision-agriculture|cloud-data-platform","Finance, Banking, Insurance",precision-agriculture,cloud-data-platform,pending_or_unavailable,,,,25,29,0.8620689655172413,partial,0.8620689655172413,partial,blocked_annual_value_not_approved,,,,0,['K'],sbs_enterprise_count,mapped,broad_sector_proxy,Financial and insurance activities,A broad financial-sector denominator; country coverage may vary in Structural Business Statistics.,cloud,mapped_proxy
"Finance, Banking, Insurance|risk-scoring|cloud-data-platform","Finance, Banking, Insurance",risk-scoring,cloud-data-platform,pending_or_unavailable,,,,25,29,0.8620689655172413,partial,0.8620689655172413,partial,blocked_annual_value_not_approved,,,,0,['K'],sbs_enterprise_count,mapped,broad_sector_proxy,Financial and insurance activities,A broad financial-sector denominator; country coverage may vary in Structural Business Statistics.,cloud,mapped_proxy
"Finance, Banking, Insurance|risk-scoring|cybersecurity-platform","Finance, Banking, Insurance",risk-scoring,cybersecurity-platform,pending_or_unavailable,,,,25,29,0.8620689655172413,partial,0.8620689655172413,partial,blocked_annual_value_not_approved,,,,0,['K'],sbs_enterprise_count,mapped,broad_sector_proxy,Financial and insurance activities,A broad financial-sector denominator; country coverage may vary in Structural Business Statistics.,cybersecurity,mapped_proxy
"Finance, Banking, Insurance|risk-scoring|machine-learning","Finance, Banking, Insurance",risk-scoring,machine-learning,pending_or_unavailable,,,,25,29,0.8620689655172413,partial,0.8620689655172413,partial,blocked_annual_value_not_approved,,,,0,['K'],sbs_enterprise_count,mapped,broad_sector_proxy,Financial and insurance activities,A broad financial-sector denominator; country coverage may vary in Structural Business Statistics.,ai,mapped_proxy
Healthcare|anomaly-detection|cybersecurity-platform,Healthcare,anomaly-detection,cybersecurity-platform,pending_or_unavailable,,,,24,29,0.8275862068965517,partial,0.8275862068965517,partial,blocked_annual_value_not_approved,,,,0,['Q86'],sbs_enterprise_count,mapped,sector_proxy,Human health activities,"Excludes residential care, social work, pharmaceuticals and some public-sector units outside the business population.",cybersecurity,mapped_proxy
Healthcare|asset-tracking|industrial-robotics,Healthcare,asset-tracking,industrial-robotics,pending_or_unavailable,,,,24,29,0.8275862068965517,partial,0.8275862068965517,partial,blocked_annual_value_not_approved,,,,0,['Q86'],sbs_enterprise_count,mapped,sector_proxy,Human health activities,"Excludes residential care, social work, pharmaceuticals and some public-sector units outside the business population.",iot,mapped_proxy
Healthcare|asset-tracking|iot-platforms,Healthcare,asset-tracking,iot-platforms,pending_or_unavailable,,,,24,29,0.8275862068965517,partial,0.8275862068965517,partial,blocked_annual_value_not_approved,,,,0,['Q86'],sbs_enterprise_count,mapped,sector_proxy,Human health activities,"Excludes residential care, social work, pharmaceuticals and some public-sector units outside the business population.",iot,mapped_proxy
Healthcare|automated-inspection-defect-detection|machine-learning,Healthcare,automated-inspection-defect-detection,machine-learning,pending_or_unavailable,,,,24,29,0.8275862068965517,partial,0.8275862068965517,partial,blocked_annual_value_not_approved,,,,0,['Q86'],sbs_enterprise_count,mapped,sector_proxy,Human health activities,"Excludes residential care, social work, pharmaceuticals and some public-sector units outside the business population.",ai,mapped_proxy
Healthcare|compliance-monitoring|cybersecurity-platform,Healthcare,compliance-monitoring,cybersecurity-platform,pending_or_unavailable,,,,24,29,0.8275862068965517,partial,0.8275862068965517,partial,blocked_annual_value_not_approved,,,,0,['Q86'],sbs_enterprise_count,mapped,sector_proxy,Human health activities,"Excludes residential care, social work, pharmaceuticals and some public-sector units outside the business population.",cybersecurity,mapped_proxy
Healthcare|compliance-monitoring|iot-platforms,Healthcare,compliance-monitoring,iot-platforms,pending_or_unavailable,,,,24,29,0.8275862068965517,partial,0.8275862068965517,partial,blocked_annual_value_not_approved,,,,0,['Q86'],sbs_enterprise_count,mapped,sector_proxy,Human health activities,"Excludes residential care, social work, pharmaceuticals and some public-sector units outside the business population.",iot,mapped_proxy
Healthcare|diagnostic-support|iot-platforms,Healthcare,diagnostic-support,iot-platforms,pending_or_unavailable,,,,24,29,0.8275862068965517,partial,0.8275862068965517,partial,blocked_annual_value_not_approved,,,,0,['Q86'],sbs_enterprise_count,mapped,sector_proxy,Human health activities,"Excludes residential care, social work, pharmaceuticals and some public-sector units outside the business population.",iot,mapped_proxy
Healthcare|diagnostic-support|machine-learning,Healthcare,diagnostic-support,machine-learning,pending_or_unavailable,,,,24,29,0.8275862068965517,partial,0.8275862068965517,partial,blocked_annual_value_not_approved,,,,0,['Q86'],sbs_enterprise_count,mapped,sector_proxy,Human health activities,"Excludes residential care, social work, pharmaceuticals and some public-sector units outside the business population.",ai,mapped_proxy
Healthcare|document-processing-extraction|machine-learning,Healthcare,document-processing-extraction,machine-learning,pending_or_unavailable,,,,24,29,0.8275862068965517,partial,0.8275862068965517,partial,blocked_annual_value_not_approved,,,,0,['Q86'],sbs_enterprise_count,mapped,sector_proxy,Human health activities,"Excludes residential care, social work, pharmaceuticals and some public-sector units outside the business population.",ai,mapped_proxy
Healthcare|environmental-emissions-monitoring|machine-learning,Healthcare,environmental-emissions-monitoring,machine-learning,pending_or_unavailable,,,,24,29,0.8275862068965517,partial,0.8275862068965517,partial,blocked_annual_value_not_approved,,,,0,['Q86'],sbs_enterprise_count,mapped,sector_proxy,Human health activities,"Excludes residential care, social work, pharmaceuticals and some public-sector units outside the business population.",ai,mapped_proxy
Healthcare|network-optimization|iot-platforms,Healthcare,network-optimization,iot-platforms,pending_or_unavailable,,,,24,29,0.8275862068965517,partial,0.8275862068965517,partial,blocked_annual_value_not_approved,,,,0,['Q86'],sbs_enterprise_count,mapped,sector_proxy,Human health activities,"Excludes residential care, social work, pharmaceuticals and some public-sector units outside the business population.",iot,mapped_proxy
Healthcare|personalized-recommendations|machine-learning,Healthcare,personalized-recommendations,machine-learning,pending_or_unavailable,,,,24,29,0.8275862068965517,partial,0.8275862068965517,partial,blocked_annual_value_not_approved,,,,0,['Q86'],sbs_enterprise_count,mapped,sector_proxy,Human health activities,"Excludes residential care, social work, pharmaceuticals and some public-sector units outside the business population.",ai,mapped_proxy
Healthcare|sentiment-analysis|natural-language-processing,Healthcare,sentiment-analysis,natural-language-processing,pending_or_unavailable,,,,24,29,0.8275862068965517,partial,0.8275862068965517,partial,blocked_annual_value_not_approved,,,,0,['Q86'],sbs_enterprise_count,mapped,sector_proxy,Human health activities,"Excludes residential care, social work, pharmaceuticals and some public-sector units outside the business population.",ai,mapped_proxy
Lifesciences|anomaly-detection|cybersecurity-platform,Lifesciences,anomaly-detection,cybersecurity-platform,pending_or_unavailable,,,,25,29,0.8620689655172413,partial,0.8620689655172413,partial,blocked_annual_value_not_approved,,,,0,['C21'],sbs_enterprise_count,mapped,narrow_proxy,Manufacture of basic pharmaceutical products and pharmaceutical preparations,"Does not include the complete biotechnology, medical-device, research or healthcare ecosystem.",cybersecurity,mapped_proxy
Lifesciences|compliance-monitoring|iot-platforms,Lifesciences,compliance-monitoring,iot-platforms,pending_or_unavailable,,,,25,29,0.8620689655172413,partial,0.8620689655172413,partial,blocked_annual_value_not_approved,,,,0,['C21'],sbs_enterprise_count,mapped,narrow_proxy,Manufacture of basic pharmaceutical products and pharmaceutical preparations,"Does not include the complete biotechnology, medical-device, research or healthcare ecosystem.",iot,mapped_proxy
Lifesciences|diagnostic-support|cloud-data-platform,Lifesciences,diagnostic-support,cloud-data-platform,pending_or_unavailable,,,,25,29,0.8620689655172413,partial,0.8620689655172413,partial,blocked_annual_value_not_approved,,,,0,['C21'],sbs_enterprise_count,mapped,narrow_proxy,Manufacture of basic pharmaceutical products and pharmaceutical preparations,"Does not include the complete biotechnology, medical-device, research or healthcare ecosystem.",cloud,mapped_proxy
Lifesciences|diagnostic-support|machine-learning,Lifesciences,diagnostic-support,machine-learning,pending_or_unavailable,,,,25,29,0.8620689655172413,partial,0.8620689655172413,partial,blocked_annual_value_not_approved,,,,0,['C21'],sbs_enterprise_count,mapped,narrow_proxy,Manufacture of basic pharmaceutical products and pharmaceutical preparations,"Does not include the complete biotechnology, medical-device, research or healthcare ecosystem.",ai,mapped_proxy
Lifesciences|environmental-emissions-monitoring|iot-platforms,Lifesciences,environmental-emissions-monitoring,iot-platforms,pending_or_unavailable,,,,25,29,0.8620689655172413,partial,0.8620689655172413,partial,blocked_annual_value_not_approved,,,,0,['C21'],sbs_enterprise_count,mapped,narrow_proxy,Manufacture of basic pharmaceutical products and pharmaceutical preparations,"Does not include the complete biotechnology, medical-device, research or healthcare ecosystem.",iot,mapped_proxy
Lifesciences|inventory-optimization|digital-twin,Lifesciences,inventory-optimization,digital-twin,pending_or_unavailable,,,,25,29,0.8620689655172413,partial,0.8620689655172413,partial,blocked_annual_value_not_approved,,,,0,['C21'],sbs_enterprise_count,mapped,narrow_proxy,Manufacture of basic pharmaceutical products and pharmaceutical preparations,"Does not include the complete biotechnology, medical-device, research or healthcare ecosystem.",cloud,mapped_proxy
Lifesciences|precision-agriculture|machine-learning,Lifesciences,precision-agriculture,machine-learning,pending_or_unavailable,,,,25,29,0.8620689655172413,partial,0.8620689655172413,partial,blocked_annual_value_not_approved,,,,0,['C21'],sbs_enterprise_count,mapped,narrow_proxy,Manufacture of basic pharmaceutical products and pharmaceutical preparations,"Does not include the complete biotechnology, medical-device, research or healthcare ecosystem.",ai,mapped_proxy
Manufacturing|anomaly-detection|cybersecurity-platform,Manufacturing,anomaly-detection,cybersecurity-platform,pending_or_unavailable,,,,25,29,0.8620689655172413,partial,0.8620689655172413,partial,blocked_annual_value_not_approved,,,,0,['C'],sbs_enterprise_count,mapped,direct_broad_sector,Manufacturing,"Includes Automotive, Aerospace, pharmaceutical and defense-manufacturing subsectors; never add those vertical totals to Manufacturing.",cybersecurity,mapped_proxy
Manufacturing|asset-tracking|autonomous-vehicles-drones,Manufacturing,asset-tracking,autonomous-vehicles-drones,pending_or_unavailable,,,,25,29,0.8620689655172413,partial,0.8620689655172413,partial,blocked_annual_value_not_approved,,,,0,['C'],sbs_enterprise_count,mapped,direct_broad_sector,Manufacturing,"Includes Automotive, Aerospace, pharmaceutical and defense-manufacturing subsectors; never add those vertical totals to Manufacturing.",iot,mapped_proxy
Manufacturing|asset-tracking|machine-learning,Manufacturing,asset-tracking,machine-learning,pending_or_unavailable,,,,25,29,0.8620689655172413,partial,0.8620689655172413,partial,blocked_annual_value_not_approved,,,,0,['C'],sbs_enterprise_count,mapped,direct_broad_sector,Manufacturing,"Includes Automotive, Aerospace, pharmaceutical and defense-manufacturing subsectors; never add those vertical totals to Manufacturing.",ai,mapped_proxy
Manufacturing|automated-inspection-defect-detection|computer-vision,Manufacturing,automated-inspection-defect-detection,computer-vision,pending_or_unavailable,,,,25,29,0.8620689655172413,partial,0.8620689655172413,partial,blocked_annual_value_not_approved,,,,0,['C'],sbs_enterprise_count,mapped,direct_broad_sector,Manufacturing,"Includes Automotive, Aerospace, pharmaceutical and defense-manufacturing subsectors; never add those vertical totals to Manufacturing.",ai,mapped_proxy
Manufacturing|energy-optimization|iot-platforms,Manufacturing,energy-optimization,iot-platforms,pending_or_unavailable,,,,25,29,0.8620689655172413,partial,0.8620689655172413,partial,blocked_annual_value_not_approved,,,,0,['C'],sbs_enterprise_count,mapped,direct_broad_sector,Manufacturing,"Includes Automotive, Aerospace, pharmaceutical and defense-manufacturing subsectors; never add those vertical totals to Manufacturing.",iot,mapped_proxy
Manufacturing|energy-optimization|machine-learning,Manufacturing,energy-optimization,machine-learning,pending_or_unavailable,,,,25,29,0.8620689655172413,partial,0.8620689655172413,partial,blocked_annual_value_not_approved,,,,0,['C'],sbs_enterprise_count,mapped,direct_broad_sector,Manufacturing,"Includes Automotive, Aerospace, pharmaceutical and defense-manufacturing subsectors; never add those vertical totals to Manufacturing.",ai,mapped_proxy
Manufacturing|environmental-emissions-monitoring|cloud-data-platform,Manufacturing,environmental-emissions-monitoring,cloud-data-platform,pending_or_unavailable,,,,25,29,0.8620689655172413,partial,0.8620689655172413,partial,blocked_annual_value_not_approved,,,,0,['C'],sbs_enterprise_count,mapped,direct_broad_sector,Manufacturing,"Includes Automotive, Aerospace, pharmaceutical and defense-manufacturing subsectors; never add those vertical totals to Manufacturing.",cloud,mapped_proxy
Manufacturing|environmental-emissions-monitoring|iot-platforms,Manufacturing,environmental-emissions-monitoring,iot-platforms,pending_or_unavailable,,,,25,29,0.8620689655172413,partial,0.8620689655172413,partial,blocked_annual_value_not_approved,,,,0,['C'],sbs_enterprise_count,mapped,direct_broad_sector,Manufacturing,"Includes Automotive, Aerospace, pharmaceutical and defense-manufacturing subsectors; never add those vertical totals to Manufacturing.",iot,mapped_proxy
Manufacturing|network-optimization|iot-platforms,Manufacturing,network-optimization,iot-platforms,pending_or_unavailable,,,,25,29,0.8620689655172413,partial,0.8620689655172413,partial,blocked_annual_value_not_approved,,,,0,['C'],sbs_enterprise_count,mapped,direct_broad_sector,Manufacturing,"Includes Automotive, Aerospace, pharmaceutical and defense-manufacturing subsectors; never add those vertical totals to Manufacturing.",iot,mapped_proxy
Manufacturing|predictive-maintenance|machine-learning,Manufacturing,predictive-maintenance,machine-learning,pending_or_unavailable,,,,25,29,0.8620689655172413,partial,0.8620689655172413,partial,blocked_annual_value_not_approved,,,,0,['C'],sbs_enterprise_count,mapped,direct_broad_sector,Manufacturing,"Includes Automotive, Aerospace, pharmaceutical and defense-manufacturing subsectors; never add those vertical totals to Manufacturing.",ai,mapped_proxy
Manufacturing|production-scheduling|iot-platforms,Manufacturing,production-scheduling,iot-platforms,pending_or_unavailable,,,,25,29,0.8620689655172413,partial,0.8620689655172413,partial,blocked_annual_value_not_approved,,,,0,['C'],sbs_enterprise_count,mapped,direct_broad_sector,Manufacturing,"Includes Automotive, Aerospace, pharmaceutical and defense-manufacturing subsectors; never add those vertical totals to Manufacturing.",iot,mapped_proxy
Manufacturing|production-scheduling|machine-learning,Manufacturing,production-scheduling,machine-learning,pending_or_unavailable,,,,25,29,0.8620689655172413,partial,0.8620689655172413,partial,blocked_annual_value_not_approved,,,,0,['C'],sbs_enterprise_count,mapped,direct_broad_sector,Manufacturing,"Includes Automotive, Aerospace, pharmaceutical and defense-manufacturing subsectors; never add those vertical totals to Manufacturing.",ai,mapped_proxy
Media & Entertainment|automated-inspection-defect-detection|computer-vision,Media & Entertainment,automated-inspection-defect-detection,computer-vision,pending_or_unavailable,,,,25,29,0.8620689655172413,partial,0.7931034482758621,partial,blocked_annual_value_not_approved,,,,0,"['J58', 'J59', 'J60']",sbs_enterprise_count,mapped,composite_sector_proxy,"Publishing, audiovisual production and programming/broadcasting","Excludes parts of live entertainment, arts, sports and platform activity classified elsewhere.",ai,mapped_proxy
Media & Entertainment|compliance-monitoring|cybersecurity-platform,Media & Entertainment,compliance-monitoring,cybersecurity-platform,pending_or_unavailable,,,,25,29,0.8620689655172413,partial,0.7931034482758621,partial,blocked_annual_value_not_approved,,,,0,"['J58', 'J59', 'J60']",sbs_enterprise_count,mapped,composite_sector_proxy,"Publishing, audiovisual production and programming/broadcasting","Excludes parts of live entertainment, arts, sports and platform activity classified elsewhere.",cybersecurity,mapped_proxy
Media & Entertainment|customer-segmentation|cloud-data-platform,Media & Entertainment,customer-segmentation,cloud-data-platform,pending_or_unavailable,,,,25,29,0.8620689655172413,partial,0.7931034482758621,partial,blocked_annual_value_not_approved,,,,0,"['J58', 'J59', 'J60']",sbs_enterprise_count,mapped,composite_sector_proxy,"Publishing, audiovisual production and programming/broadcasting","Excludes parts of live entertainment, arts, sports and platform activity classified elsewhere.",cloud,mapped_proxy
Media & Entertainment|energy-optimization|connectivity-5g,Media & Entertainment,energy-optimization,connectivity-5g,pending_or_unavailable,,,,0,29,0.0,no_country_data,0.0,no_component_data,blocked_technology_proxy_gap,,,,0,"['J58', 'J59', 'J60']",sbs_enterprise_count,mapped,composite_sector_proxy,"Publishing, audiovisual production and programming/broadcasting","Excludes parts of live entertainment, arts, sports and platform activity classified elsewhere.",,no_defensible_available_ict_proxy
Media & Entertainment|energy-optimization|iot-platforms,Media & Entertainment,energy-optimization,iot-platforms,pending_or_unavailable,,,,25,29,0.8620689655172413,partial,0.7931034482758621,partial,blocked_annual_value_not_approved,,,,0,"['J58', 'J59', 'J60']",sbs_enterprise_count,mapped,composite_sector_proxy,"Publishing, audiovisual production and programming/broadcasting","Excludes parts of live entertainment, arts, sports and platform activity classified elsewhere.",iot,mapped_proxy
Media & Entertainment|personalized-recommendations|connectivity-5g,Media & Entertainment,personalized-recommendations,connectivity-5g,pending_or_unavailable,,,,0,29,0.0,no_country_data,0.0,no_component_data,blocked_technology_proxy_gap,,,,0,"['J58', 'J59', 'J60']",sbs_enterprise_count,mapped,composite_sector_proxy,"Publishing, audiovisual production and programming/broadcasting","Excludes parts of live entertainment, arts, sports and platform activity classified elsewhere.",,no_defensible_available_ict_proxy
Media & Entertainment|predictive-maintenance|digital-twin,Media & Entertainment,predictive-maintenance,digital-twin,pending_or_unavailable,,,,25,29,0.8620689655172413,partial,0.7931034482758621,partial,blocked_annual_value_not_approved,,,,0,"['J58', 'J59', 'J60']",sbs_enterprise_count,mapped,composite_sector_proxy,"Publishing, audiovisual production and programming/broadcasting","Excludes parts of live entertainment, arts, sports and platform activity classified elsewhere.",cloud,mapped_proxy
Media & Entertainment|sentiment-analysis|natural-language-processing,Media & Entertainment,sentiment-analysis,natural-language-processing,pending_or_unavailable,,,,25,29,0.8620689655172413,partial,0.7931034482758621,partial,blocked_annual_value_not_approved,,,,0,"['J58', 'J59', 'J60']",sbs_enterprise_count,mapped,composite_sector_proxy,"Publishing, audiovisual production and programming/broadcasting","Excludes parts of live entertainment, arts, sports and platform activity classified elsewhere.",ai,mapped_proxy
Natural Resources|automated-inspection-defect-detection|computer-vision,Natural Resources,automated-inspection-defect-detection,computer-vision,pending_or_unavailable,,,,23,29,0.7931034482758621,partial,0.7931034482758621,partial,blocked_annual_value_not_approved,,,,0,['B'],sbs_enterprise_count,mapped,narrow_proxy,Mining and quarrying,"Does not cover agriculture, forestry, fishing or the full natural-resources value chain.",ai,mapped_proxy
Natural Resources|compliance-monitoring|iot-platforms,Natural Resources,compliance-monitoring,iot-platforms,pending_or_unavailable,,,,23,29,0.7931034482758621,partial,0.7931034482758621,partial,blocked_annual_value_not_approved,,,,0,['B'],sbs_enterprise_count,mapped,narrow_proxy,Mining and quarrying,"Does not cover agriculture, forestry, fishing or the full natural-resources value chain.",iot,mapped_proxy
Natural Resources|environmental-emissions-monitoring|cloud-data-platform,Natural Resources,environmental-emissions-monitoring,cloud-data-platform,pending_or_unavailable,,,,23,29,0.7931034482758621,partial,0.7931034482758621,partial,blocked_annual_value_not_approved,,,,0,['B'],sbs_enterprise_count,mapped,narrow_proxy,Mining and quarrying,"Does not cover agriculture, forestry, fishing or the full natural-resources value chain.",cloud,mapped_proxy
Natural Resources|environmental-emissions-monitoring|iot-platforms,Natural Resources,environmental-emissions-monitoring,iot-platforms,pending_or_unavailable,,,,23,29,0.7931034482758621,partial,0.7931034482758621,partial,blocked_annual_value_not_approved,,,,0,['B'],sbs_enterprise_count,mapped,narrow_proxy,Mining and quarrying,"Does not cover agriculture, forestry, fishing or the full natural-resources value chain.",iot,mapped_proxy
Natural Resources|environmental-emissions-monitoring|machine-learning,Natural Resources,environmental-emissions-monitoring,machine-learning,pending_or_unavailable,,,,23,29,0.7931034482758621,partial,0.7931034482758621,partial,blocked_annual_value_not_approved,,,,0,['B'],sbs_enterprise_count,mapped,narrow_proxy,Mining and quarrying,"Does not cover agriculture, forestry, fishing or the full natural-resources value chain.",ai,mapped_proxy
Natural Resources|predictive-maintenance|iot-platforms,Natural Resources,predictive-maintenance,iot-platforms,pending_or_unavailable,,,,23,29,0.7931034482758621,partial,0.7931034482758621,partial,blocked_annual_value_not_approved,,,,0,['B'],sbs_enterprise_count,mapped,narrow_proxy,Mining and quarrying,"Does not cover agriculture, forestry, fishing or the full natural-resources value chain.",iot,mapped_proxy
Public/Gov sector|anomaly-detection|computer-vision,Public/Gov sector,anomaly-detection,computer-vision,pending_or_unavailable,,,,0,29,0.0,no_country_data,0.0,no_component_data,blocked_no_opportunity_linked_public_buyers,14369210.0,1139006800000.0,277735200000.0,0,['O'],public_buyer_count,mapped_public_buyer_denominator,alternative_public_buyer_denominator,"Public administration and defence; compulsory social security, with NACE O employment and COFOG expenditure as context","NACE O is outside SBS. The calculation uses deduplicated opportunity-linked TED buyers as an observed procurement-active lower bound, not the total public-authority population.",public_procurement_evidence,not_required_public_buyer_method
Public/Gov sector|anomaly-detection|cybersecurity-platform,Public/Gov sector,anomaly-detection,cybersecurity-platform,pending_or_unavailable,,,,0,29,0.0,no_country_data,0.0,no_component_data,blocked_no_opportunity_linked_public_buyers,14369210.0,1139006800000.0,277735200000.0,0,['O'],public_buyer_count,mapped_public_buyer_denominator,alternative_public_buyer_denominator,"Public administration and defence; compulsory social security, with NACE O employment and COFOG expenditure as context","NACE O is outside SBS. The calculation uses deduplicated opportunity-linked TED buyers as an observed procurement-active lower bound, not the total public-authority population.",public_procurement_evidence,not_required_public_buyer_method
Public/Gov sector|anomaly-detection|iot-platforms,Public/Gov sector,anomaly-detection,iot-platforms,pending_or_unavailable,,,,0,29,0.0,no_country_data,0.0,no_component_data,blocked_no_opportunity_linked_public_buyers,14369210.0,1139006800000.0,277735200000.0,0,['O'],public_buyer_count,mapped_public_buyer_denominator,alternative_public_buyer_denominator,"Public administration and defence; compulsory social security, with NACE O employment and COFOG expenditure as context","NACE O is outside SBS. The calculation uses deduplicated opportunity-linked TED buyers as an observed procurement-active lower bound, not the total public-authority population.",public_procurement_evidence,not_required_public_buyer_method
Public/Gov sector|anomaly-detection|machine-learning,Public/Gov sector,anomaly-detection,machine-learning,pending_or_unavailable,,,,0,29,0.0,no_country_data,0.0,no_component_data,blocked_no_opportunity_linked_public_buyers,14369210.0,1139006800000.0,277735200000.0,0,['O'],public_buyer_count,mapped_public_buyer_denominator,alternative_public_buyer_denominator,"Public administration and defence; compulsory social security, with NACE O employment and COFOG expenditure as context","NACE O is outside SBS. The calculation uses deduplicated opportunity-linked TED buyers as an observed procurement-active lower bound, not the total public-authority population.",public_procurement_evidence,not_required_public_buyer_method
Public/Gov sector|asset-tracking|blockchain-distributed-ledger,Public/Gov sector,asset-tracking,blockchain-distributed-ledger,pending_or_unavailable,,,,0,29,0.0,no_country_data,0.0,no_component_data,blocked_no_opportunity_linked_public_buyers,14369210.0,1139006800000.0,277735200000.0,0,['O'],public_buyer_count,mapped_public_buyer_denominator,alternative_public_buyer_denominator,"Public administration and defence; compulsory social security, with NACE O employment and COFOG expenditure as context","NACE O is outside SBS. The calculation uses deduplicated opportunity-linked TED buyers as an observed procurement-active lower bound, not the total public-authority population.",public_procurement_evidence,not_required_public_buyer_method
Public/Gov sector|asset-tracking|iot-platforms,Public/Gov sector,asset-tracking,iot-platforms,pending_or_unavailable,,,,0,29,0.0,no_country_data,0.0,no_component_data,blocked_no_opportunity_linked_public_buyers,14369210.0,1139006800000.0,277735200000.0,0,['O'],public_buyer_count,mapped_public_buyer_denominator,alternative_public_buyer_denominator,"Public administration and defence; compulsory social security, with NACE O employment and COFOG expenditure as context","NACE O is outside SBS. The calculation uses deduplicated opportunity-linked TED buyers as an observed procurement-active lower bound, not the total public-authority population.",public_procurement_evidence,not_required_public_buyer_method
Public/Gov sector|automated-inspection-defect-detection|computer-vision,Public/Gov sector,automated-inspection-defect-detection,computer-vision,pending_or_unavailable,,,,0,29,0.0,no_country_data,0.0,no_component_data,blocked_no_opportunity_linked_public_buyers,14369210.0,1139006800000.0,277735200000.0,0,['O'],public_buyer_count,mapped_public_buyer_denominator,alternative_public_buyer_denominator,"Public administration and defence; compulsory social security, with NACE O employment and COFOG expenditure as context","NACE O is outside SBS. The calculation uses deduplicated opportunity-linked TED buyers as an observed procurement-active lower bound, not the total public-authority population.",public_procurement_evidence,not_required_public_buyer_method
Public/Gov sector|compliance-monitoring|cybersecurity-platform,Public/Gov sector,compliance-monitoring,cybersecurity-platform,pending_or_unavailable,,,,2,29,0.0689655172413793,partial,0.0689655172413793,partial,blocked_annual_value_not_approved,14369210.0,1139006800000.0,277735200000.0,2,['O'],public_buyer_count,mapped_public_buyer_denominator,alternative_public_buyer_denominator,"Public administration and defence; compulsory social security, with NACE O employment and COFOG expenditure as context","NACE O is outside SBS. The calculation uses deduplicated opportunity-linked TED buyers as an observed procurement-active lower bound, not the total public-authority population.",public_procurement_evidence,not_required_public_buyer_method
Public/Gov sector|compliance-monitoring|iot-platforms,Public/Gov sector,compliance-monitoring,iot-platforms,pending_or_unavailable,,,,0,29,0.0,no_country_data,0.0,no_component_data,blocked_no_opportunity_linked_public_buyers,14369210.0,1139006800000.0,277735200000.0,0,['O'],public_buyer_count,mapped_public_buyer_denominator,alternative_public_buyer_denominator,"Public administration and defence; compulsory social security, with NACE O employment and COFOG expenditure as context","NACE O is outside SBS. The calculation uses deduplicated opportunity-linked TED buyers as an observed procurement-active lower bound, not the total public-authority population.",public_procurement_evidence,not_required_public_buyer_method
Public/Gov sector|compliance-monitoring|machine-learning,Public/Gov sector,compliance-monitoring,machine-learning,pending_or_unavailable,,,,0,29,0.0,no_country_data,0.0,no_component_data,blocked_no_opportunity_linked_public_buyers,14369210.0,1139006800000.0,277735200000.0,0,['O'],public_buyer_count,mapped_public_buyer_denominator,alternative_public_buyer_denominator,"Public administration and defence; compulsory social security, with NACE O employment and COFOG expenditure as context","NACE O is outside SBS. The calculation uses deduplicated opportunity-linked TED buyers as an observed procurement-active lower bound, not the total public-authority population.",public_procurement_evidence,not_required_public_buyer_method
Public/Gov sector|document-processing-extraction|cloud-data-platform,Public/Gov sector,document-processing-extraction,cloud-data-platform,pending_or_unavailable,,,,0,29,0.0,no_country_data,0.0,no_component_data,blocked_no_opportunity_linked_public_buyers,14369210.0,1139006800000.0,277735200000.0,0,['O'],public_buyer_count,mapped_public_buyer_denominator,alternative_public_buyer_denominator,"Public administration and defence; compulsory social security, with NACE O employment and COFOG expenditure as context","NACE O is outside SBS. The calculation uses deduplicated opportunity-linked TED buyers as an observed procurement-active lower bound, not the total public-authority population.",public_procurement_evidence,not_required_public_buyer_method
Public/Gov sector|document-processing-extraction|machine-learning,Public/Gov sector,document-processing-extraction,machine-learning,pending_or_unavailable,,,,0,29,0.0,no_country_data,0.0,no_component_data,blocked_no_opportunity_linked_public_buyers,14369210.0,1139006800000.0,277735200000.0,0,['O'],public_buyer_count,mapped_public_buyer_denominator,alternative_public_buyer_denominator,"Public administration and defence; compulsory social security, with NACE O employment and COFOG expenditure as context","NACE O is outside SBS. The calculation uses deduplicated opportunity-linked TED buyers as an observed procurement-active lower bound, not the total public-authority population.",public_procurement_evidence,not_required_public_buyer_method
Public/Gov sector|energy-optimization|iot-platforms,Public/Gov sector,energy-optimization,iot-platforms,pending_or_unavailable,,,,1,29,0.0344827586206896,partial,0.0344827586206896,partial,blocked_annual_value_not_approved,14369210.0,1139006800000.0,277735200000.0,1,['O'],public_buyer_count,mapped_public_buyer_denominator,alternative_public_buyer_denominator,"Public administration and defence; compulsory social security, with NACE O employment and COFOG expenditure as context","NACE O is outside SBS. The calculation uses deduplicated opportunity-linked TED buyers as an observed procurement-active lower bound, not the total public-authority population.",public_procurement_evidence,not_required_public_buyer_method
Public/Gov sector|environmental-emissions-monitoring|autonomous-vehicles-drones,Public/Gov sector,environmental-emissions-monitoring,autonomous-vehicles-drones,pending_or_unavailable,,,,0,29,0.0,no_country_data,0.0,no_component_data,blocked_no_opportunity_linked_public_buyers,14369210.0,1139006800000.0,277735200000.0,0,['O'],public_buyer_count,mapped_public_buyer_denominator,alternative_public_buyer_denominator,"Public administration and defence; compulsory social security, with NACE O employment and COFOG expenditure as context","NACE O is outside SBS. The calculation uses deduplicated opportunity-linked TED buyers as an observed procurement-active lower bound, not the total public-authority population.",public_procurement_evidence,not_required_public_buyer_method
Public/Gov sector|kyc-aml-automation|computer-vision,Public/Gov sector,kyc-aml-automation,computer-vision,pending_or_unavailable,,,,0,29,0.0,no_country_data,0.0,no_component_data,blocked_no_opportunity_linked_public_buyers,14369210.0,1139006800000.0,277735200000.0,0,['O'],public_buyer_count,mapped_public_buyer_denominator,alternative_public_buyer_denominator,"Public administration and defence; compulsory social security, with NACE O employment and COFOG expenditure as context","NACE O is outside SBS. The calculation uses deduplicated opportunity-linked TED buyers as an observed procurement-active lower bound, not the total public-authority population.",public_procurement_evidence,not_required_public_buyer_method
Public/Gov sector|network-optimization|iot-platforms,Public/Gov sector,network-optimization,iot-platforms,pending_or_unavailable,,,,1,29,0.0344827586206896,partial,0.0344827586206896,partial,blocked_annual_value_not_approved,14369210.0,1139006800000.0,277735200000.0,1,['O'],public_buyer_count,mapped_public_buyer_denominator,alternative_public_buyer_denominator,"Public administration and defence; compulsory social security, with NACE O employment and COFOG expenditure as context","NACE O is outside SBS. The calculation uses deduplicated opportunity-linked TED buyers as an observed procurement-active lower bound, not the total public-authority population.",public_procurement_evidence,not_required_public_buyer_method
Public/Gov sector|route-optimization|iot-platforms,Public/Gov sector,route-optimization,iot-platforms,pending_or_unavailable,,,,0,29,0.0,no_country_data,0.0,no_component_data,blocked_no_opportunity_linked_public_buyers,14369210.0,1139006800000.0,277735200000.0,0,['O'],public_buyer_count,mapped_public_buyer_denominator,alternative_public_buyer_denominator,"Public administration and defence; compulsory social security, with NACE O employment and COFOG expenditure as context","NACE O is outside SBS. The calculation uses deduplicated opportunity-linked TED buyers as an observed procurement-active lower bound, not the total public-authority population.",public_procurement_evidence,not_required_public_buyer_method
Retail|asset-tracking|iot-platforms,Retail,asset-tracking,iot-platforms,pending_or_unavailable,,,,25,29,0.8620689655172413,partial,0.8620689655172413,partial,blocked_annual_value_not_approved,,,,0,['G47'],sbs_enterprise_count,mapped,direct_sector_proxy,"Retail trade, except motor vehicles and motorcycles",Excludes motor retail and some platform activity classified outside retail.,iot,mapped_proxy
Retail|automated-inspection-defect-detection|computer-vision,Retail,automated-inspection-defect-detection,computer-vision,pending_or_unavailable,,,,25,29,0.8620689655172413,partial,0.8620689655172413,partial,blocked_annual_value_not_approved,,,,0,['G47'],sbs_enterprise_count,mapped,direct_sector_proxy,"Retail trade, except motor vehicles and motorcycles",Excludes motor retail and some platform activity classified outside retail.,ai,mapped_proxy
Retail|automated-inspection-defect-detection|iot-platforms,Retail,automated-inspection-defect-detection,iot-platforms,pending_or_unavailable,,,,25,29,0.8620689655172413,partial,0.8620689655172413,partial,blocked_annual_value_not_approved,,,,0,['G47'],sbs_enterprise_count,mapped,direct_sector_proxy,"Retail trade, except motor vehicles and motorcycles",Excludes motor retail and some platform activity classified outside retail.,iot,mapped_proxy
Retail|compliance-monitoring|computer-vision,Retail,compliance-monitoring,computer-vision,pending_or_unavailable,,,,25,29,0.8620689655172413,partial,0.8620689655172413,partial,blocked_annual_value_not_approved,,,,0,['G47'],sbs_enterprise_count,mapped,direct_sector_proxy,"Retail trade, except motor vehicles and motorcycles",Excludes motor retail and some platform activity classified outside retail.,ai,mapped_proxy
Retail|energy-optimization|blockchain-distributed-ledger,Retail,energy-optimization,blockchain-distributed-ledger,pending_or_unavailable,,,,0,29,0.0,no_country_data,0.0,no_component_data,blocked_technology_proxy_gap,,,,0,['G47'],sbs_enterprise_count,mapped,direct_sector_proxy,"Retail trade, except motor vehicles and motorcycles",Excludes motor retail and some platform activity classified outside retail.,,no_defensible_available_ict_proxy
Retail|energy-optimization|cloud-data-platform,Retail,energy-optimization,cloud-data-platform,pending_or_unavailable,,,,25,29,0.8620689655172413,partial,0.8620689655172413,partial,blocked_annual_value_not_approved,,,,0,['G47'],sbs_enterprise_count,mapped,direct_sector_proxy,"Retail trade, except motor vehicles and motorcycles",Excludes motor retail and some platform activity classified outside retail.,cloud,mapped_proxy
Retail|environmental-emissions-monitoring|iot-platforms,Retail,environmental-emissions-monitoring,iot-platforms,pending_or_unavailable,,,,25,29,0.8620689655172413,partial,0.8620689655172413,partial,blocked_annual_value_not_approved,,,,0,['G47'],sbs_enterprise_count,mapped,direct_sector_proxy,"Retail trade, except motor vehicles and motorcycles",Excludes motor retail and some platform activity classified outside retail.,iot,mapped_proxy
Retail|personalized-recommendations|machine-learning,Retail,personalized-recommendations,machine-learning,pending_or_unavailable,,,,25,29,0.8620689655172413,partial,0.8620689655172413,partial,blocked_annual_value_not_approved,,,,0,['G47'],sbs_enterprise_count,mapped,direct_sector_proxy,"Retail trade, except motor vehicles and motorcycles",Excludes motor retail and some platform activity classified outside retail.,ai,mapped_proxy
Retail|production-scheduling|iot-platforms,Retail,production-scheduling,iot-platforms,pending_or_unavailable,,,,25,29,0.8620689655172413,partial,0.8620689655172413,partial,blocked_annual_value_not_approved,,,,0,['G47'],sbs_enterprise_count,mapped,direct_sector_proxy,"Retail trade, except motor vehicles and motorcycles",Excludes motor retail and some platform activity classified outside retail.,iot,mapped_proxy
Retail|route-optimization|cloud-data-platform,Retail,route-optimization,cloud-data-platform,pending_or_unavailable,,,,25,29,0.8620689655172413,partial,0.8620689655172413,partial,blocked_annual_value_not_approved,,,,0,['G47'],sbs_enterprise_count,mapped,direct_sector_proxy,"Retail trade, except motor vehicles and motorcycles",Excludes motor retail and some platform activity classified outside retail.,cloud,mapped_proxy
Retail|warehouse-automation|industrial-robotics,Retail,warehouse-automation,industrial-robotics,pending_or_unavailable,,,,25,29,0.8620689655172413,partial,0.8620689655172413,partial,blocked_annual_value_not_approved,,,,0,['G47'],sbs_enterprise_count,mapped,direct_sector_proxy,"Retail trade, except motor vehicles and motorcycles",Excludes motor retail and some platform activity classified outside retail.,iot,mapped_proxy
Retail|warehouse-automation|warehouse-automation-systems,Retail,warehouse-automation,warehouse-automation-systems,pending_or_unavailable,,,,25,29,0.8620689655172413,partial,0.8620689655172413,partial,blocked_annual_value_not_approved,,,,0,['G47'],sbs_enterprise_count,mapped,direct_sector_proxy,"Retail trade, except motor vehicles and motorcycles",Excludes motor retail and some platform activity classified outside retail.,iot,mapped_proxy
Transportation & Construction|anomaly-detection|iot-platforms,Transportation & Construction,anomaly-detection,iot-platforms,pending_or_unavailable,,,,25,29,0.8620689655172413,partial,0.8620689655172413,partial,blocked_annual_value_not_approved,,,,0,"['F', 'H']",sbs_enterprise_count,mapped,composite_sector_proxy,Construction plus transportation and storage,A combined denominator reflecting the radar's combined vertical; the two component sectors should also be available as drill-downs.,iot,mapped_proxy
Transportation & Construction|asset-tracking|iot-platforms,Transportation & Construction,asset-tracking,iot-platforms,pending_or_unavailable,,,,25,29,0.8620689655172413,partial,0.8620689655172413,partial,blocked_annual_value_not_approved,,,,0,"['F', 'H']",sbs_enterprise_count,mapped,composite_sector_proxy,Construction plus transportation and storage,A combined denominator reflecting the radar's combined vertical; the two component sectors should also be available as drill-downs.,iot,mapped_proxy
Transportation & Construction|asset-tracking|machine-learning,Transportation & Construction,asset-tracking,machine-learning,pending_or_unavailable,,,,25,29,0.8620689655172413,partial,0.8620689655172413,partial,blocked_annual_value_not_approved,,,,0,"['F', 'H']",sbs_enterprise_count,mapped,composite_sector_proxy,Construction plus transportation and storage,A combined denominator reflecting the radar's combined vertical; the two component sectors should also be available as drill-downs.,ai,mapped_proxy
Transportation & Construction|automated-inspection-defect-detection|industrial-robotics,Transportation & Construction,automated-inspection-defect-detection,industrial-robotics,pending_or_unavailable,,,,25,29,0.8620689655172413,partial,0.8620689655172413,partial,blocked_annual_value_not_approved,,,,0,"['F', 'H']",sbs_enterprise_count,mapped,composite_sector_proxy,Construction plus transportation and storage,A combined denominator reflecting the radar's combined vertical; the two component sectors should also be available as drill-downs.,iot,mapped_proxy
Transportation & Construction|energy-optimization|iot-platforms,Transportation & Construction,energy-optimization,iot-platforms,pending_or_unavailable,,,,25,29,0.8620689655172413,partial,0.8620689655172413,partial,blocked_annual_value_not_approved,,,,0,"['F', 'H']",sbs_enterprise_count,mapped,composite_sector_proxy,Construction plus transportation and storage,A combined denominator reflecting the radar's combined vertical; the two component sectors should also be available as drill-downs.,iot,mapped_proxy
Transportation & Construction|environmental-emissions-monitoring|digital-twin,Transportation & Construction,environmental-emissions-monitoring,digital-twin,pending_or_unavailable,,,,25,29,0.8620689655172413,partial,0.8620689655172413,partial,blocked_annual_value_not_approved,,,,0,"['F', 'H']",sbs_enterprise_count,mapped,composite_sector_proxy,Construction plus transportation and storage,A combined denominator reflecting the radar's combined vertical; the two component sectors should also be available as drill-downs.,cloud,mapped_proxy
Transportation & Construction|network-optimization|digital-twin,Transportation & Construction,network-optimization,digital-twin,pending_or_unavailable,,,,25,29,0.8620689655172413,partial,0.8620689655172413,partial,blocked_annual_value_not_approved,,,,0,"['F', 'H']",sbs_enterprise_count,mapped,composite_sector_proxy,Construction plus transportation and storage,A combined denominator reflecting the radar's combined vertical; the two component sectors should also be available as drill-downs.,cloud,mapped_proxy
Transportation & Construction|predictive-maintenance|machine-learning,Transportation & Construction,predictive-maintenance,machine-learning,pending_or_unavailable,,,,25,29,0.8620689655172413,partial,0.8620689655172413,partial,blocked_annual_value_not_approved,,,,0,"['F', 'H']",sbs_enterprise_count,mapped,composite_sector_proxy,Construction plus transportation and storage,A combined denominator reflecting the radar's combined vertical; the two component sectors should also be available as drill-downs.,ai,mapped_proxy
Transportation & Construction|route-optimization|cloud-data-platform,Transportation & Construction,route-optimization,cloud-data-platform,pending_or_unavailable,,,,25,29,0.8620689655172413,partial,0.8620689655172413,partial,blocked_annual_value_not_approved,,,,0,"['F', 'H']",sbs_enterprise_count,mapped,composite_sector_proxy,Construction plus transportation and storage,A combined denominator reflecting the radar's combined vertical; the two component sectors should also be available as drill-downs.,cloud,mapped_proxy
Transportation & Construction|route-optimization|machine-learning,Transportation & Construction,route-optimization,machine-learning,pending_or_unavailable,,,,25,29,0.8620689655172413,partial,0.8620689655172413,partial,blocked_annual_value_not_approved,,,,0,"['F', 'H']",sbs_enterprise_count,mapped,composite_sector_proxy,Construction plus transportation and storage,A combined denominator reflecting the radar's combined vertical; the two component sectors should also be available as drill-downs.,ai,mapped_proxy
Transportation & Construction|warehouse-automation|warehouse-automation-systems,Transportation & Construction,warehouse-automation,warehouse-automation-systems,pending_or_unavailable,,,,25,29,0.8620689655172413,partial,0.8620689655172413,partial,blocked_annual_value_not_approved,,,,0,"['F', 'H']",sbs_enterprise_count,mapped,composite_sector_proxy,Construction plus transportation and storage,A combined denominator reflecting the radar's combined vertical; the two component sectors should also be available as drill-downs.,iot,mapped_proxy
Wholesale|anomaly-detection|cybersecurity-platform,Wholesale,anomaly-detection,cybersecurity-platform,pending_or_unavailable,,,,25,29,0.8620689655172413,partial,0.8620689655172413,partial,blocked_annual_value_not_approved,,,,0,['G46'],sbs_enterprise_count,mapped,direct_sector_proxy,"Wholesale trade, except motor vehicles and motorcycles",Excludes motor-vehicle wholesale and retail activity.,cybersecurity,mapped_proxy
Wholesale|asset-tracking|cloud-data-platform,Wholesale,asset-tracking,cloud-data-platform,pending_or_unavailable,,,,25,29,0.8620689655172413,partial,0.8620689655172413,partial,blocked_annual_value_not_approved,,,,0,['G46'],sbs_enterprise_count,mapped,direct_sector_proxy,"Wholesale trade, except motor vehicles and motorcycles",Excludes motor-vehicle wholesale and retail activity.,cloud,mapped_proxy
Wholesale|asset-tracking|iot-platforms,Wholesale,asset-tracking,iot-platforms,pending_or_unavailable,,,,25,29,0.8620689655172413,partial,0.8620689655172413,partial,blocked_annual_value_not_approved,,,,0,['G46'],sbs_enterprise_count,mapped,direct_sector_proxy,"Wholesale trade, except motor vehicles and motorcycles",Excludes motor-vehicle wholesale and retail activity.,iot,mapped_proxy
Wholesale|asset-tracking|rfid-asset-tagging,Wholesale,asset-tracking,rfid-asset-tagging,pending_or_unavailable,,,,25,29,0.8620689655172413,partial,0.8620689655172413,partial,blocked_annual_value_not_approved,,,,0,['G46'],sbs_enterprise_count,mapped,direct_sector_proxy,"Wholesale trade, except motor vehicles and motorcycles",Excludes motor-vehicle wholesale and retail activity.,iot,mapped_proxy
Wholesale|compliance-monitoring|cybersecurity-platform,Wholesale,compliance-monitoring,cybersecurity-platform,pending_or_unavailable,,,,25,29,0.8620689655172413,partial,0.8620689655172413,partial,blocked_annual_value_not_approved,,,,0,['G46'],sbs_enterprise_count,mapped,direct_sector_proxy,"Wholesale trade, except motor vehicles and motorcycles",Excludes motor-vehicle wholesale and retail activity.,cybersecurity,mapped_proxy
Wholesale|energy-optimization|iot-platforms,Wholesale,energy-optimization,iot-platforms,pending_or_unavailable,,,,25,29,0.8620689655172413,partial,0.8620689655172413,partial,blocked_annual_value_not_approved,,,,0,['G46'],sbs_enterprise_count,mapped,direct_sector_proxy,"Wholesale trade, except motor vehicles and motorcycles",Excludes motor-vehicle wholesale and retail activity.,iot,mapped_proxy
Wholesale|environmental-emissions-monitoring|iot-platforms,Wholesale,environmental-emissions-monitoring,iot-platforms,pending_or_unavailable,,,,25,29,0.8620689655172413,partial,0.8620689655172413,partial,blocked_annual_value_not_approved,,,,0,['G46'],sbs_enterprise_count,mapped,direct_sector_proxy,"Wholesale trade, except motor vehicles and motorcycles",Excludes motor-vehicle wholesale and retail activity.,iot,mapped_proxy
Wholesale|inventory-optimization|machine-learning,Wholesale,inventory-optimization,machine-learning,pending_or_unavailable,,,,25,29,0.8620689655172413,partial,0.8620689655172413,partial,blocked_annual_value_not_approved,,,,0,['G46'],sbs_enterprise_count,mapped,direct_sector_proxy,"Wholesale trade, except motor vehicles and motorcycles",Excludes motor-vehicle wholesale and retail activity.,ai,mapped_proxy
Wholesale|production-scheduling|cloud-data-platform,Wholesale,production-scheduling,cloud-data-platform,pending_or_unavailable,,,,25,29,0.8620689655172413,partial,0.8620689655172413,partial,blocked_annual_value_not_approved,,,,0,['G46'],sbs_enterprise_count,mapped,direct_sector_proxy,"Wholesale trade, except motor vehicles and motorcycles",Excludes motor-vehicle wholesale and retail activity.,cloud,mapped_proxy
Wholesale|route-optimization|digital-twin,Wholesale,route-optimization,digital-twin,pending_or_unavailable,,,,25,29,0.8620689655172413,partial,0.8620689655172413,partial,blocked_annual_value_not_approved,,,,0,['G46'],sbs_enterprise_count,mapped,direct_sector_proxy,"Wholesale trade, except motor vehicles and motorcycles",Excludes motor-vehicle wholesale and retail activity.,cloud,mapped_proxy
Wholesale|warehouse-automation|warehouse-automation-systems,Wholesale,warehouse-automation,warehouse-automation-systems,pending_or_unavailable,,,,25,29,0.8620689655172413,partial,0.8620689655172413,partial,blocked_annual_value_not_approved,,,,0,['G46'],sbs_enterprise_count,mapped,direct_sector_proxy,"Wholesale trade, except motor vehicles and motorcycles",Excludes motor-vehicle wholesale and retail activity.,iot,mapped_proxy
