technology_proxy,technology_label,source_dataset,indicator,year,country,region,source_nace_code,size_class,unit,adoption_rate_percent,adoption_rate,basis,proxy_reason,status_flag,raw_value
ai,Enterprise use of any AI technology,isoc_eb_ai,E_AI_TANY,2025,AT,dach,C10-S951_X_K,50-249,PC_ENT,44.56,0.4456,proxy,All-business non-financial ICT rate used as a cross-vertical proxy; it is not a vertical-specific adoption rate.,,44.56
ai,Enterprise use of any AI technology,isoc_eb_ai,E_AI_TANY,2025,AT,dach,C10-S951_X_K,GE250,PC_ENT,68.26,0.6826000000000001,proxy,All-business non-financial ICT rate used as a cross-vertical proxy; it is not a vertical-specific adoption rate.,,68.26
ai,Enterprise use of any AI technology,isoc_eb_ai,E_AI_TANY,2025,BE,benelux,C10-S951_X_K,50-249,PC_ENT,54.49,0.5449,proxy,All-business non-financial ICT rate used as a cross-vertical proxy; it is not a vertical-specific adoption rate.,,54.49
ai,Enterprise use of any AI technology,isoc_eb_ai,E_AI_TANY,2025,BE,benelux,C10-S951_X_K,GE250,PC_ENT,76.41,0.7641,proxy,All-business non-financial ICT rate used as a cross-vertical proxy; it is not a vertical-specific adoption rate.,,76.41
ai,Enterprise use of any AI technology,isoc_eb_ai,E_AI_TANY,2025,BG,eastern_europe,C10-S951_X_K,50-249,PC_ENT,13.3,0.133,proxy,All-business non-financial ICT rate used as a cross-vertical proxy; it is not a vertical-specific adoption rate.,,13.30
ai,Enterprise use of any AI technology,isoc_eb_ai,E_AI_TANY,2025,BG,eastern_europe,C10-S951_X_K,GE250,PC_ENT,26.18,0.2618,proxy,All-business non-financial ICT rate used as a cross-vertical proxy; it is not a vertical-specific adoption rate.,,26.18
ai,Enterprise use of any AI technology,isoc_eb_ai,E_AI_TANY,2025,CZ,eastern_europe,C10-S951_X_K,50-249,PC_ENT,28.79,0.2879,proxy,All-business non-financial ICT rate used as a cross-vertical proxy; it is not a vertical-specific adoption rate.,,28.79
ai,Enterprise use of any AI technology,isoc_eb_ai,E_AI_TANY,2025,CZ,eastern_europe,C10-S951_X_K,GE250,PC_ENT,54.1,0.541,proxy,All-business non-financial ICT rate used as a cross-vertical proxy; it is not a vertical-specific adoption rate.,,54.10
ai,Enterprise use of any AI technology,isoc_eb_ai,E_AI_TANY,2025,DE,germany,C10-S951_X_K,50-249,PC_ENT,35.56,0.3556,proxy,All-business non-financial ICT rate used as a cross-vertical proxy; it is not a vertical-specific adoption rate.,,35.56
ai,Enterprise use of any AI technology,isoc_eb_ai,E_AI_TANY,2025,DE,germany,C10-S951_X_K,GE250,PC_ENT,56.99,0.5699000000000001,proxy,All-business non-financial ICT rate used as a cross-vertical proxy; it is not a vertical-specific adoption rate.,,56.99
ai,Enterprise use of any AI technology,isoc_eb_ai,E_AI_TANY,2025,DK,nordics,C10-S951_X_K,50-249,PC_ENT,58.27,0.5827,proxy,All-business non-financial ICT rate used as a cross-vertical proxy; it is not a vertical-specific adoption rate.,,58.27
ai,Enterprise use of any AI technology,isoc_eb_ai,E_AI_TANY,2025,DK,nordics,C10-S951_X_K,GE250,PC_ENT,74.52,0.7452,proxy,All-business non-financial ICT rate used as a cross-vertical proxy; it is not a vertical-specific adoption rate.,,74.52
ai,Enterprise use of any AI technology,isoc_eb_ai,E_AI_TANY,2025,EE,eastern_europe,C10-S951_X_K,50-249,PC_ENT,33.1,0.331,proxy,All-business non-financial ICT rate used as a cross-vertical proxy; it is not a vertical-specific adoption rate.,,33.10
ai,Enterprise use of any AI technology,isoc_eb_ai,E_AI_TANY,2025,EE,eastern_europe,C10-S951_X_K,GE250,PC_ENT,52.9,0.529,proxy,All-business non-financial ICT rate used as a cross-vertical proxy; it is not a vertical-specific adoption rate.,,52.90
ai,Enterprise use of any AI technology,isoc_eb_ai,E_AI_TANY,2025,ES,southern_europe,C10-S951_X_K,50-249,PC_ENT,30.1,0.301,proxy,All-business non-financial ICT rate used as a cross-vertical proxy; it is not a vertical-specific adoption rate.,,30.10
ai,Enterprise use of any AI technology,isoc_eb_ai,E_AI_TANY,2025,ES,southern_europe,C10-S951_X_K,GE250,PC_ENT,57.46,0.5746,proxy,All-business non-financial ICT rate used as a cross-vertical proxy; it is not a vertical-specific adoption rate.,,57.46
ai,Enterprise use of any AI technology,isoc_eb_ai,E_AI_TANY,2025,FI,nordics,C10-S951_X_K,50-249,PC_ENT,51.35,0.5135000000000001,proxy,All-business non-financial ICT rate used as a cross-vertical proxy; it is not a vertical-specific adoption rate.,,51.35
ai,Enterprise use of any AI technology,isoc_eb_ai,E_AI_TANY,2025,FI,nordics,C10-S951_X_K,GE250,PC_ENT,79.4,0.794,proxy,All-business non-financial ICT rate used as a cross-vertical proxy; it is not a vertical-specific adoption rate.,,79.40
ai,Enterprise use of any AI technology,isoc_eb_ai,E_AI_TANY,2025,FR,france,C10-S951_X_K,50-249,PC_ENT,30.81,0.3081,proxy,All-business non-financial ICT rate used as a cross-vertical proxy; it is not a vertical-specific adoption rate.,,30.81
ai,Enterprise use of any AI technology,isoc_eb_ai,E_AI_TANY,2025,FR,france,C10-S951_X_K,GE250,PC_ENT,58.01,0.5801,proxy,All-business non-financial ICT rate used as a cross-vertical proxy; it is not a vertical-specific adoption rate.,,58.01
ai,Enterprise use of any AI technology,isoc_eb_ai,E_AI_TANY,2025,HR,eastern_europe,C10-S951_X_K,50-249,PC_ENT,25.5,0.255,proxy,All-business non-financial ICT rate used as a cross-vertical proxy; it is not a vertical-specific adoption rate.,,25.50
ai,Enterprise use of any AI technology,isoc_eb_ai,E_AI_TANY,2025,HR,eastern_europe,C10-S951_X_K,GE250,PC_ENT,39.57,0.3957,proxy,All-business non-financial ICT rate used as a cross-vertical proxy; it is not a vertical-specific adoption rate.,,39.57
ai,Enterprise use of any AI technology,isoc_eb_ai,E_AI_TANY,2025,HU,eastern_europe,C10-S951_X_K,50-249,PC_ENT,15.34,0.1534,proxy,All-business non-financial ICT rate used as a cross-vertical proxy; it is not a vertical-specific adoption rate.,,15.34
ai,Enterprise use of any AI technology,isoc_eb_ai,E_AI_TANY,2025,HU,eastern_europe,C10-S951_X_K,GE250,PC_ENT,39.99,0.39990000000000003,proxy,All-business non-financial ICT rate used as a cross-vertical proxy; it is not a vertical-specific adoption rate.,,39.99
ai,Enterprise use of any AI technology,isoc_eb_ai,E_AI_TANY,2025,IE,uk_ireland,C10-S951_X_K,50-249,PC_ENT,28.02,0.2802,proxy,All-business non-financial ICT rate used as a cross-vertical proxy; it is not a vertical-specific adoption rate.,,28.02
ai,Enterprise use of any AI technology,isoc_eb_ai,E_AI_TANY,2025,IE,uk_ireland,C10-S951_X_K,GE250,PC_ENT,57.27,0.5727,proxy,All-business non-financial ICT rate used as a cross-vertical proxy; it is not a vertical-specific adoption rate.,,57.27
ai,Enterprise use of any AI technology,isoc_eb_ai,E_AI_TANY,2025,IT,southern_europe,C10-S951_X_K,50-249,PC_ENT,27.62,0.2762,proxy,All-business non-financial ICT rate used as a cross-vertical proxy; it is not a vertical-specific adoption rate.,,27.62
ai,Enterprise use of any AI technology,isoc_eb_ai,E_AI_TANY,2025,IT,southern_europe,C10-S951_X_K,GE250,PC_ENT,53.09,0.5309,proxy,All-business non-financial ICT rate used as a cross-vertical proxy; it is not a vertical-specific adoption rate.,,53.09
ai,Enterprise use of any AI technology,isoc_eb_ai,E_AI_TANY,2025,LT,eastern_europe,C10-S951_X_K,50-249,PC_ENT,30.36,0.3036,proxy,All-business non-financial ICT rate used as a cross-vertical proxy; it is not a vertical-specific adoption rate.,,30.36
ai,Enterprise use of any AI technology,isoc_eb_ai,E_AI_TANY,2025,LT,eastern_europe,C10-S951_X_K,GE250,PC_ENT,51.75,0.5175,proxy,All-business non-financial ICT rate used as a cross-vertical proxy; it is not a vertical-specific adoption rate.,,51.75
ai,Enterprise use of any AI technology,isoc_eb_ai,E_AI_TANY,2025,LU,benelux,C10-S951_X_K,50-249,PC_ENT,43.68,0.4368,proxy,All-business non-financial ICT rate used as a cross-vertical proxy; it is not a vertical-specific adoption rate.,,43.68
ai,Enterprise use of any AI technology,isoc_eb_ai,E_AI_TANY,2025,LU,benelux,C10-S951_X_K,GE250,PC_ENT,57.97,0.5797,proxy,All-business non-financial ICT rate used as a cross-vertical proxy; it is not a vertical-specific adoption rate.,,57.97
ai,Enterprise use of any AI technology,isoc_eb_ai,E_AI_TANY,2025,LV,eastern_europe,C10-S951_X_K,50-249,PC_ENT,19.78,0.1978,proxy,All-business non-financial ICT rate used as a cross-vertical proxy; it is not a vertical-specific adoption rate.,,19.78
ai,Enterprise use of any AI technology,isoc_eb_ai,E_AI_TANY,2025,LV,eastern_europe,C10-S951_X_K,GE250,PC_ENT,47.09,0.47090000000000004,proxy,All-business non-financial ICT rate used as a cross-vertical proxy; it is not a vertical-specific adoption rate.,,47.09
ai,Enterprise use of any AI technology,isoc_eb_ai,E_AI_TANY,2025,NL,benelux,C10-S951_X_K,50-249,PC_ENT,46.62,0.46619999999999995,proxy,All-business non-financial ICT rate used as a cross-vertical proxy; it is not a vertical-specific adoption rate.,,46.62
ai,Enterprise use of any AI technology,isoc_eb_ai,E_AI_TANY,2025,NL,benelux,C10-S951_X_K,GE250,PC_ENT,67.64,0.6764,proxy,All-business non-financial ICT rate used as a cross-vertical proxy; it is not a vertical-specific adoption rate.,,67.64
ai,Enterprise use of any AI technology,isoc_eb_ai,E_AI_TANY,2025,NO,nordics,C10-S951_X_K,50-249,PC_ENT,45.34,0.4534,proxy,All-business non-financial ICT rate used as a cross-vertical proxy; it is not a vertical-specific adoption rate.,,45.34
ai,Enterprise use of any AI technology,isoc_eb_ai,E_AI_TANY,2025,NO,nordics,C10-S951_X_K,GE250,PC_ENT,66.04,0.6604000000000001,proxy,All-business non-financial ICT rate used as a cross-vertical proxy; it is not a vertical-specific adoption rate.,,66.04
ai,Enterprise use of any AI technology,isoc_eb_ai,E_AI_TANY,2025,PL,eastern_europe,C10-S951_X_K,50-249,PC_ENT,14.77,0.1477,proxy,All-business non-financial ICT rate used as a cross-vertical proxy; it is not a vertical-specific adoption rate.,,14.77
ai,Enterprise use of any AI technology,isoc_eb_ai,E_AI_TANY,2025,PL,eastern_europe,C10-S951_X_K,GE250,PC_ENT,45.81,0.4581,proxy,All-business non-financial ICT rate used as a cross-vertical proxy; it is not a vertical-specific adoption rate.,,45.81
ai,Enterprise use of any AI technology,isoc_eb_ai,E_AI_TANY,2025,PT,southern_europe,C10-S951_X_K,50-249,PC_ENT,18.21,0.1821,proxy,All-business non-financial ICT rate used as a cross-vertical proxy; it is not a vertical-specific adoption rate.,,18.21
ai,Enterprise use of any AI technology,isoc_eb_ai,E_AI_TANY,2025,PT,southern_europe,C10-S951_X_K,GE250,PC_ENT,49.15,0.4915,proxy,All-business non-financial ICT rate used as a cross-vertical proxy; it is not a vertical-specific adoption rate.,,49.15
ai,Enterprise use of any AI technology,isoc_eb_ai,E_AI_TANY,2025,RO,eastern_europe,C10-S951_X_K,50-249,PC_ENT,7.79,0.0779,proxy,All-business non-financial ICT rate used as a cross-vertical proxy; it is not a vertical-specific adoption rate.,,7.79
ai,Enterprise use of any AI technology,isoc_eb_ai,E_AI_TANY,2025,RO,eastern_europe,C10-S951_X_K,GE250,PC_ENT,20.75,0.2075,proxy,All-business non-financial ICT rate used as a cross-vertical proxy; it is not a vertical-specific adoption rate.,,20.75
ai,Enterprise use of any AI technology,isoc_eb_ai,E_AI_TANY,2025,SE,nordics,C10-S951_X_K,50-249,PC_ENT,49.6,0.496,proxy,All-business non-financial ICT rate used as a cross-vertical proxy; it is not a vertical-specific adoption rate.,,49.60
ai,Enterprise use of any AI technology,isoc_eb_ai,E_AI_TANY,2025,SE,nordics,C10-S951_X_K,GE250,PC_ENT,71.87,0.7187,proxy,All-business non-financial ICT rate used as a cross-vertical proxy; it is not a vertical-specific adoption rate.,,71.87
ai,Enterprise use of any AI technology,isoc_eb_ai,E_AI_TANY,2025,SI,eastern_europe,C10-S951_X_K,50-249,PC_ENT,30.62,0.3062,proxy,All-business non-financial ICT rate used as a cross-vertical proxy; it is not a vertical-specific adoption rate.,,30.62
ai,Enterprise use of any AI technology,isoc_eb_ai,E_AI_TANY,2025,SI,eastern_europe,C10-S951_X_K,GE250,PC_ENT,71.74,0.7173999999999999,proxy,All-business non-financial ICT rate used as a cross-vertical proxy; it is not a vertical-specific adoption rate.,,71.74
ai,Enterprise use of any AI technology,isoc_eb_ai,E_AI_TANY,2025,SK,eastern_europe,C10-S951_X_K,50-249,PC_ENT,23.05,0.2305,proxy,All-business non-financial ICT rate used as a cross-vertical proxy; it is not a vertical-specific adoption rate.,,23.05
ai,Enterprise use of any AI technology,isoc_eb_ai,E_AI_TANY,2025,SK,eastern_europe,C10-S951_X_K,GE250,PC_ENT,43.74,0.4374,proxy,All-business non-financial ICT rate used as a cross-vertical proxy; it is not a vertical-specific adoption rate.,,43.74
cloud,Use of intermediate or sophisticated paid cloud services,isoc_cicce_use,E_CC1_SI,2025,AT,dach,C10-S951_X_K,50-249,PC_ENT,57.45,0.5745,proxy,All-business non-financial ICT rate used as a cross-vertical proxy; it is not a vertical-specific adoption rate.,,57.45
cloud,Use of intermediate or sophisticated paid cloud services,isoc_cicce_use,E_CC1_SI,2025,AT,dach,C10-S951_X_K,GE250,PC_ENT,79.66,0.7966,proxy,All-business non-financial ICT rate used as a cross-vertical proxy; it is not a vertical-specific adoption rate.,,79.66
cloud,Use of intermediate or sophisticated paid cloud services,isoc_cicce_use,E_CC1_SI,2025,BE,benelux,C10-S951_X_K,50-249,PC_ENT,75.12,0.7512000000000001,proxy,All-business non-financial ICT rate used as a cross-vertical proxy; it is not a vertical-specific adoption rate.,,75.12
cloud,Use of intermediate or sophisticated paid cloud services,isoc_cicce_use,E_CC1_SI,2025,BE,benelux,C10-S951_X_K,GE250,PC_ENT,91.09,0.9109,proxy,All-business non-financial ICT rate used as a cross-vertical proxy; it is not a vertical-specific adoption rate.,,91.09
cloud,Use of intermediate or sophisticated paid cloud services,isoc_cicce_use,E_CC1_SI,2025,BG,eastern_europe,C10-S951_X_K,50-249,PC_ENT,25.85,0.2585,proxy,All-business non-financial ICT rate used as a cross-vertical proxy; it is not a vertical-specific adoption rate.,,25.85
cloud,Use of intermediate or sophisticated paid cloud services,isoc_cicce_use,E_CC1_SI,2025,BG,eastern_europe,C10-S951_X_K,GE250,PC_ENT,43.64,0.4364,proxy,All-business non-financial ICT rate used as a cross-vertical proxy; it is not a vertical-specific adoption rate.,,43.64
cloud,Use of intermediate or sophisticated paid cloud services,isoc_cicce_use,E_CC1_SI,2025,CZ,eastern_europe,C10-S951_X_K,50-249,PC_ENT,53.53,0.5353,proxy,All-business non-financial ICT rate used as a cross-vertical proxy; it is not a vertical-specific adoption rate.,,53.53
cloud,Use of intermediate or sophisticated paid cloud services,isoc_cicce_use,E_CC1_SI,2025,CZ,eastern_europe,C10-S951_X_K,GE250,PC_ENT,70.32,0.7031999999999999,proxy,All-business non-financial ICT rate used as a cross-vertical proxy; it is not a vertical-specific adoption rate.,,70.32
cloud,Use of intermediate or sophisticated paid cloud services,isoc_cicce_use,E_CC1_SI,2025,DE,germany,C10-S951_X_K,50-249,PC_ENT,55.49,0.5549000000000001,proxy,All-business non-financial ICT rate used as a cross-vertical proxy; it is not a vertical-specific adoption rate.,,55.49
cloud,Use of intermediate or sophisticated paid cloud services,isoc_cicce_use,E_CC1_SI,2025,DE,germany,C10-S951_X_K,GE250,PC_ENT,75.69,0.7569,proxy,All-business non-financial ICT rate used as a cross-vertical proxy; it is not a vertical-specific adoption rate.,,75.69
cloud,Use of intermediate or sophisticated paid cloud services,isoc_cicce_use,E_CC1_SI,2025,DK,nordics,C10-S951_X_K,50-249,PC_ENT,79.31,0.7931,proxy,All-business non-financial ICT rate used as a cross-vertical proxy; it is not a vertical-specific adoption rate.,,79.31
cloud,Use of intermediate or sophisticated paid cloud services,isoc_cicce_use,E_CC1_SI,2025,DK,nordics,C10-S951_X_K,GE250,PC_ENT,91.49,0.9148999999999999,proxy,All-business non-financial ICT rate used as a cross-vertical proxy; it is not a vertical-specific adoption rate.,,91.49
cloud,Use of intermediate or sophisticated paid cloud services,isoc_cicce_use,E_CC1_SI,2025,EE,eastern_europe,C10-S951_X_K,50-249,PC_ENT,76.16,0.7615999999999999,proxy,All-business non-financial ICT rate used as a cross-vertical proxy; it is not a vertical-specific adoption rate.,,76.16
cloud,Use of intermediate or sophisticated paid cloud services,isoc_cicce_use,E_CC1_SI,2025,EE,eastern_europe,C10-S951_X_K,GE250,PC_ENT,82.58,0.8258,proxy,All-business non-financial ICT rate used as a cross-vertical proxy; it is not a vertical-specific adoption rate.,,82.58
cloud,Use of intermediate or sophisticated paid cloud services,isoc_cicce_use,E_CC1_SI,2025,ES,southern_europe,C10-S951_X_K,50-249,PC_ENT,54.9,0.5489999999999999,proxy,All-business non-financial ICT rate used as a cross-vertical proxy; it is not a vertical-specific adoption rate.,,54.90
cloud,Use of intermediate or sophisticated paid cloud services,isoc_cicce_use,E_CC1_SI,2025,ES,southern_europe,C10-S951_X_K,GE250,PC_ENT,77.44,0.7744,proxy,All-business non-financial ICT rate used as a cross-vertical proxy; it is not a vertical-specific adoption rate.,,77.44
cloud,Use of intermediate or sophisticated paid cloud services,isoc_cicce_use,E_CC1_SI,2025,FI,nordics,C10-S951_X_K,50-249,PC_ENT,86.35,0.8634999999999999,proxy,All-business non-financial ICT rate used as a cross-vertical proxy; it is not a vertical-specific adoption rate.,,86.35
cloud,Use of intermediate or sophisticated paid cloud services,isoc_cicce_use,E_CC1_SI,2025,FI,nordics,C10-S951_X_K,GE250,PC_ENT,95.04,0.9504,proxy,All-business non-financial ICT rate used as a cross-vertical proxy; it is not a vertical-specific adoption rate.,,95.04
cloud,Use of intermediate or sophisticated paid cloud services,isoc_cicce_use,E_CC1_SI,2025,FR,france,C10-S951_X_K,50-249,PC_ENT,58.72,0.5871999999999999,proxy,All-business non-financial ICT rate used as a cross-vertical proxy; it is not a vertical-specific adoption rate.,,58.72
cloud,Use of intermediate or sophisticated paid cloud services,isoc_cicce_use,E_CC1_SI,2025,FR,france,C10-S951_X_K,GE250,PC_ENT,81.94,0.8194,proxy,All-business non-financial ICT rate used as a cross-vertical proxy; it is not a vertical-specific adoption rate.,,81.94
cloud,Use of intermediate or sophisticated paid cloud services,isoc_cicce_use,E_CC1_SI,2025,HR,eastern_europe,C10-S951_X_K,50-249,PC_ENT,59.92,0.5992000000000001,proxy,All-business non-financial ICT rate used as a cross-vertical proxy; it is not a vertical-specific adoption rate.,,59.92
cloud,Use of intermediate or sophisticated paid cloud services,isoc_cicce_use,E_CC1_SI,2025,HR,eastern_europe,C10-S951_X_K,GE250,PC_ENT,77.93,0.7793000000000001,proxy,All-business non-financial ICT rate used as a cross-vertical proxy; it is not a vertical-specific adoption rate.,,77.93
cloud,Use of intermediate or sophisticated paid cloud services,isoc_cicce_use,E_CC1_SI,2025,HU,eastern_europe,C10-S951_X_K,50-249,PC_ENT,58.12,0.5811999999999999,proxy,All-business non-financial ICT rate used as a cross-vertical proxy; it is not a vertical-specific adoption rate.,,58.12
cloud,Use of intermediate or sophisticated paid cloud services,isoc_cicce_use,E_CC1_SI,2025,HU,eastern_europe,C10-S951_X_K,GE250,PC_ENT,78.56,0.7856000000000001,proxy,All-business non-financial ICT rate used as a cross-vertical proxy; it is not a vertical-specific adoption rate.,,78.56
cloud,Use of intermediate or sophisticated paid cloud services,isoc_cicce_use,E_CC1_SI,2025,IE,uk_ireland,C10-S951_X_K,50-249,PC_ENT,75.01,0.7501000000000001,proxy,All-business non-financial ICT rate used as a cross-vertical proxy; it is not a vertical-specific adoption rate.,,75.01
cloud,Use of intermediate or sophisticated paid cloud services,isoc_cicce_use,E_CC1_SI,2025,IE,uk_ireland,C10-S951_X_K,GE250,PC_ENT,87.86,0.8786,proxy,All-business non-financial ICT rate used as a cross-vertical proxy; it is not a vertical-specific adoption rate.,,87.86
cloud,Use of intermediate or sophisticated paid cloud services,isoc_cicce_use,E_CC1_SI,2025,IT,southern_europe,C10-S951_X_K,50-249,PC_ENT,78.47,0.7847,proxy,All-business non-financial ICT rate used as a cross-vertical proxy; it is not a vertical-specific adoption rate.,,78.47
cloud,Use of intermediate or sophisticated paid cloud services,isoc_cicce_use,E_CC1_SI,2025,IT,southern_europe,C10-S951_X_K,GE250,PC_ENT,87.03,0.8703,proxy,All-business non-financial ICT rate used as a cross-vertical proxy; it is not a vertical-specific adoption rate.,,87.03
cloud,Use of intermediate or sophisticated paid cloud services,isoc_cicce_use,E_CC1_SI,2025,LT,eastern_europe,C10-S951_X_K,50-249,PC_ENT,73.19,0.7319,proxy,All-business non-financial ICT rate used as a cross-vertical proxy; it is not a vertical-specific adoption rate.,,73.19
cloud,Use of intermediate or sophisticated paid cloud services,isoc_cicce_use,E_CC1_SI,2025,LT,eastern_europe,C10-S951_X_K,GE250,PC_ENT,87.5,0.875,proxy,All-business non-financial ICT rate used as a cross-vertical proxy; it is not a vertical-specific adoption rate.,,87.50
cloud,Use of intermediate or sophisticated paid cloud services,isoc_cicce_use,E_CC1_SI,2025,LU,benelux,C10-S951_X_K,50-249,PC_ENT,52.45,0.5245000000000001,proxy,All-business non-financial ICT rate used as a cross-vertical proxy; it is not a vertical-specific adoption rate.,,52.45
cloud,Use of intermediate or sophisticated paid cloud services,isoc_cicce_use,E_CC1_SI,2025,LU,benelux,C10-S951_X_K,GE250,PC_ENT,62.9,0.629,proxy,All-business non-financial ICT rate used as a cross-vertical proxy; it is not a vertical-specific adoption rate.,,62.90
cloud,Use of intermediate or sophisticated paid cloud services,isoc_cicce_use,E_CC1_SI,2025,LV,eastern_europe,C10-S951_X_K,50-249,PC_ENT,52.41,0.5241,proxy,All-business non-financial ICT rate used as a cross-vertical proxy; it is not a vertical-specific adoption rate.,,52.41
cloud,Use of intermediate or sophisticated paid cloud services,isoc_cicce_use,E_CC1_SI,2025,LV,eastern_europe,C10-S951_X_K,GE250,PC_ENT,69.51,0.6951,proxy,All-business non-financial ICT rate used as a cross-vertical proxy; it is not a vertical-specific adoption rate.,,69.51
cloud,Use of intermediate or sophisticated paid cloud services,isoc_cicce_use,E_CC1_SI,2025,NL,benelux,C10-S951_X_K,50-249,PC_ENT,79.58,0.7958,proxy,All-business non-financial ICT rate used as a cross-vertical proxy; it is not a vertical-specific adoption rate.,,79.58
cloud,Use of intermediate or sophisticated paid cloud services,isoc_cicce_use,E_CC1_SI,2025,NL,benelux,C10-S951_X_K,GE250,PC_ENT,88.47,0.8847,proxy,All-business non-financial ICT rate used as a cross-vertical proxy; it is not a vertical-specific adoption rate.,,88.47
cloud,Use of intermediate or sophisticated paid cloud services,isoc_cicce_use,E_CC1_SI,2025,NO,nordics,C10-S951_X_K,50-249,PC_ENT,79.87,0.7987000000000001,proxy,All-business non-financial ICT rate used as a cross-vertical proxy; it is not a vertical-specific adoption rate.,,79.87
cloud,Use of intermediate or sophisticated paid cloud services,isoc_cicce_use,E_CC1_SI,2025,NO,nordics,C10-S951_X_K,GE250,PC_ENT,85.87,0.8587,proxy,All-business non-financial ICT rate used as a cross-vertical proxy; it is not a vertical-specific adoption rate.,,85.87
cloud,Use of intermediate or sophisticated paid cloud services,isoc_cicce_use,E_CC1_SI,2025,PL,eastern_europe,C10-S951_X_K,50-249,PC_ENT,61.45,0.6145,proxy,All-business non-financial ICT rate used as a cross-vertical proxy; it is not a vertical-specific adoption rate.,,61.45
cloud,Use of intermediate or sophisticated paid cloud services,isoc_cicce_use,E_CC1_SI,2025,PL,eastern_europe,C10-S951_X_K,GE250,PC_ENT,81.14,0.8114,proxy,All-business non-financial ICT rate used as a cross-vertical proxy; it is not a vertical-specific adoption rate.,,81.14
cloud,Use of intermediate or sophisticated paid cloud services,isoc_cicce_use,E_CC1_SI,2025,PT,southern_europe,C10-S951_X_K,50-249,PC_ENT,,,proxy,All-business non-financial ICT rate used as a cross-vertical proxy; it is not a vertical-specific adoption rate.,,: u
cloud,Use of intermediate or sophisticated paid cloud services,isoc_cicce_use,E_CC1_SI,2025,PT,southern_europe,C10-S951_X_K,GE250,PC_ENT,74.15,0.7415,proxy,All-business non-financial ICT rate used as a cross-vertical proxy; it is not a vertical-specific adoption rate.,,74.15
cloud,Use of intermediate or sophisticated paid cloud services,isoc_cicce_use,E_CC1_SI,2025,RO,eastern_europe,C10-S951_X_K,50-249,PC_ENT,26.77,0.2677,proxy,All-business non-financial ICT rate used as a cross-vertical proxy; it is not a vertical-specific adoption rate.,,26.77
cloud,Use of intermediate or sophisticated paid cloud services,isoc_cicce_use,E_CC1_SI,2025,RO,eastern_europe,C10-S951_X_K,GE250,PC_ENT,42.49,0.4249,proxy,All-business non-financial ICT rate used as a cross-vertical proxy; it is not a vertical-specific adoption rate.,,42.49
cloud,Use of intermediate or sophisticated paid cloud services,isoc_cicce_use,E_CC1_SI,2025,SE,nordics,C10-S951_X_K,50-249,PC_ENT,79.94,0.7994,proxy,All-business non-financial ICT rate used as a cross-vertical proxy; it is not a vertical-specific adoption rate.,,79.94
cloud,Use of intermediate or sophisticated paid cloud services,isoc_cicce_use,E_CC1_SI,2025,SE,nordics,C10-S951_X_K,GE250,PC_ENT,92.21,0.9220999999999999,proxy,All-business non-financial ICT rate used as a cross-vertical proxy; it is not a vertical-specific adoption rate.,,92.21
cloud,Use of intermediate or sophisticated paid cloud services,isoc_cicce_use,E_CC1_SI,2025,SI,eastern_europe,C10-S951_X_K,50-249,PC_ENT,60.31,0.6031,proxy,All-business non-financial ICT rate used as a cross-vertical proxy; it is not a vertical-specific adoption rate.,,60.31
cloud,Use of intermediate or sophisticated paid cloud services,isoc_cicce_use,E_CC1_SI,2025,SI,eastern_europe,C10-S951_X_K,GE250,PC_ENT,83.63,0.8362999999999999,proxy,All-business non-financial ICT rate used as a cross-vertical proxy; it is not a vertical-specific adoption rate.,,83.63
cloud,Use of intermediate or sophisticated paid cloud services,isoc_cicce_use,E_CC1_SI,2025,SK,eastern_europe,C10-S951_X_K,50-249,PC_ENT,48.58,0.4858,proxy,All-business non-financial ICT rate used as a cross-vertical proxy; it is not a vertical-specific adoption rate.,,48.58
cloud,Use of intermediate or sophisticated paid cloud services,isoc_cicce_use,E_CC1_SI,2025,SK,eastern_europe,C10-S951_X_K,GE250,PC_ENT,59.2,0.5920000000000001,proxy,All-business non-financial ICT rate used as a cross-vertical proxy; it is not a vertical-specific adoption rate.,,59.20
cybersecurity,Use of at least one ICT security measure,isoc_cisce_ra,E_SECMGE1,2024,AT,dach,C10-S951_X_K,50-249,PC_ENT,98.68,0.9868000000000001,proxy,All-business non-financial ICT rate used as a cross-vertical proxy; it is not a vertical-specific adoption rate.,,98.68
cybersecurity,Use of at least one ICT security measure,isoc_cisce_ra,E_SECMGE1,2024,AT,dach,C10-S951_X_K,GE250,PC_ENT,99.74,0.9974,proxy,All-business non-financial ICT rate used as a cross-vertical proxy; it is not a vertical-specific adoption rate.,,99.74
cybersecurity,Use of at least one ICT security measure,isoc_cisce_ra,E_SECMGE1,2024,BE,benelux,C10-S951_X_K,50-249,PC_ENT,99.43,0.9943000000000001,proxy,All-business non-financial ICT rate used as a cross-vertical proxy; it is not a vertical-specific adoption rate.,,99.43
cybersecurity,Use of at least one ICT security measure,isoc_cisce_ra,E_SECMGE1,2024,BE,benelux,C10-S951_X_K,GE250,PC_ENT,99.71,0.9971,proxy,All-business non-financial ICT rate used as a cross-vertical proxy; it is not a vertical-specific adoption rate.,,99.71
cybersecurity,Use of at least one ICT security measure,isoc_cisce_ra,E_SECMGE1,2024,BG,eastern_europe,C10-S951_X_K,50-249,PC_ENT,92.88,0.9288,proxy,All-business non-financial ICT rate used as a cross-vertical proxy; it is not a vertical-specific adoption rate.,,92.88
cybersecurity,Use of at least one ICT security measure,isoc_cisce_ra,E_SECMGE1,2024,BG,eastern_europe,C10-S951_X_K,GE250,PC_ENT,97.95,0.9795,proxy,All-business non-financial ICT rate used as a cross-vertical proxy; it is not a vertical-specific adoption rate.,,97.95
cybersecurity,Use of at least one ICT security measure,isoc_cisce_ra,E_SECMGE1,2024,CZ,eastern_europe,C10-S951_X_K,50-249,PC_ENT,96.55,0.9655,proxy,All-business non-financial ICT rate used as a cross-vertical proxy; it is not a vertical-specific adoption rate.,,96.55
cybersecurity,Use of at least one ICT security measure,isoc_cisce_ra,E_SECMGE1,2024,CZ,eastern_europe,C10-S951_X_K,GE250,PC_ENT,99.52,0.9952,proxy,All-business non-financial ICT rate used as a cross-vertical proxy; it is not a vertical-specific adoption rate.,,99.52
cybersecurity,Use of at least one ICT security measure,isoc_cisce_ra,E_SECMGE1,2024,DE,germany,C10-S951_X_K,50-249,PC_ENT,98.59,0.9859,proxy,All-business non-financial ICT rate used as a cross-vertical proxy; it is not a vertical-specific adoption rate.,,98.59
cybersecurity,Use of at least one ICT security measure,isoc_cisce_ra,E_SECMGE1,2024,DE,germany,C10-S951_X_K,GE250,PC_ENT,99.64,0.9964,proxy,All-business non-financial ICT rate used as a cross-vertical proxy; it is not a vertical-specific adoption rate.,,99.64
cybersecurity,Use of at least one ICT security measure,isoc_cisce_ra,E_SECMGE1,2024,DK,nordics,C10-S951_X_K,50-249,PC_ENT,99.25,0.9925,proxy,All-business non-financial ICT rate used as a cross-vertical proxy; it is not a vertical-specific adoption rate.,,99.25
cybersecurity,Use of at least one ICT security measure,isoc_cisce_ra,E_SECMGE1,2024,DK,nordics,C10-S951_X_K,GE250,PC_ENT,100.0,1.0,proxy,All-business non-financial ICT rate used as a cross-vertical proxy; it is not a vertical-specific adoption rate.,,100.00
cybersecurity,Use of at least one ICT security measure,isoc_cisce_ra,E_SECMGE1,2024,EE,eastern_europe,C10-S951_X_K,50-249,PC_ENT,98.09,0.9809,proxy,All-business non-financial ICT rate used as a cross-vertical proxy; it is not a vertical-specific adoption rate.,,98.09
cybersecurity,Use of at least one ICT security measure,isoc_cisce_ra,E_SECMGE1,2024,EE,eastern_europe,C10-S951_X_K,GE250,PC_ENT,99.37,0.9937,proxy,All-business non-financial ICT rate used as a cross-vertical proxy; it is not a vertical-specific adoption rate.,,99.37
cybersecurity,Use of at least one ICT security measure,isoc_cisce_ra,E_SECMGE1,2024,ES,southern_europe,C10-S951_X_K,50-249,PC_ENT,95.17,0.9517,proxy,All-business non-financial ICT rate used as a cross-vertical proxy; it is not a vertical-specific adoption rate.,,95.17
cybersecurity,Use of at least one ICT security measure,isoc_cisce_ra,E_SECMGE1,2024,ES,southern_europe,C10-S951_X_K,GE250,PC_ENT,98.91,0.9891,proxy,All-business non-financial ICT rate used as a cross-vertical proxy; it is not a vertical-specific adoption rate.,,98.91
cybersecurity,Use of at least one ICT security measure,isoc_cisce_ra,E_SECMGE1,2024,FI,nordics,C10-S951_X_K,50-249,PC_ENT,99.79,0.9979,proxy,All-business non-financial ICT rate used as a cross-vertical proxy; it is not a vertical-specific adoption rate.,,99.79
cybersecurity,Use of at least one ICT security measure,isoc_cisce_ra,E_SECMGE1,2024,FI,nordics,C10-S951_X_K,GE250,PC_ENT,99.76,0.9976,proxy,All-business non-financial ICT rate used as a cross-vertical proxy; it is not a vertical-specific adoption rate.,,99.76
cybersecurity,Use of at least one ICT security measure,isoc_cisce_ra,E_SECMGE1,2024,FR,france,C10-S951_X_K,50-249,PC_ENT,98.12,0.9812000000000001,proxy,All-business non-financial ICT rate used as a cross-vertical proxy; it is not a vertical-specific adoption rate.,,98.12
cybersecurity,Use of at least one ICT security measure,isoc_cisce_ra,E_SECMGE1,2024,FR,france,C10-S951_X_K,GE250,PC_ENT,99.28,0.9928,proxy,All-business non-financial ICT rate used as a cross-vertical proxy; it is not a vertical-specific adoption rate.,,99.28
cybersecurity,Use of at least one ICT security measure,isoc_cisce_ra,E_SECMGE1,2024,HR,eastern_europe,C10-S951_X_K,50-249,PC_ENT,95.06,0.9506,proxy,All-business non-financial ICT rate used as a cross-vertical proxy; it is not a vertical-specific adoption rate.,,95.06
cybersecurity,Use of at least one ICT security measure,isoc_cisce_ra,E_SECMGE1,2024,HR,eastern_europe,C10-S951_X_K,GE250,PC_ENT,99.4,0.9940000000000001,proxy,All-business non-financial ICT rate used as a cross-vertical proxy; it is not a vertical-specific adoption rate.,,99.40
cybersecurity,Use of at least one ICT security measure,isoc_cisce_ra,E_SECMGE1,2024,HU,eastern_europe,C10-S951_X_K,50-249,PC_ENT,92.89,0.9289000000000001,proxy,All-business non-financial ICT rate used as a cross-vertical proxy; it is not a vertical-specific adoption rate.,,92.89
cybersecurity,Use of at least one ICT security measure,isoc_cisce_ra,E_SECMGE1,2024,HU,eastern_europe,C10-S951_X_K,GE250,PC_ENT,99.57,0.9956999999999999,proxy,All-business non-financial ICT rate used as a cross-vertical proxy; it is not a vertical-specific adoption rate.,,99.57
cybersecurity,Use of at least one ICT security measure,isoc_cisce_ra,E_SECMGE1,2024,IE,uk_ireland,C10-S951_X_K,50-249,PC_ENT,94.77,0.9477,proxy,All-business non-financial ICT rate used as a cross-vertical proxy; it is not a vertical-specific adoption rate.,,94.77
cybersecurity,Use of at least one ICT security measure,isoc_cisce_ra,E_SECMGE1,2024,IE,uk_ireland,C10-S951_X_K,GE250,PC_ENT,99.36,0.9936,proxy,All-business non-financial ICT rate used as a cross-vertical proxy; it is not a vertical-specific adoption rate.,,99.36
cybersecurity,Use of at least one ICT security measure,isoc_cisce_ra,E_SECMGE1,2024,IT,southern_europe,C10-S951_X_K,50-249,PC_ENT,97.85,0.9784999999999999,proxy,All-business non-financial ICT rate used as a cross-vertical proxy; it is not a vertical-specific adoption rate.,,97.85
cybersecurity,Use of at least one ICT security measure,isoc_cisce_ra,E_SECMGE1,2024,IT,southern_europe,C10-S951_X_K,GE250,PC_ENT,99.3,0.993,proxy,All-business non-financial ICT rate used as a cross-vertical proxy; it is not a vertical-specific adoption rate.,,99.30
cybersecurity,Use of at least one ICT security measure,isoc_cisce_ra,E_SECMGE1,2024,LT,eastern_europe,C10-S951_X_K,50-249,PC_ENT,97.31,0.9731000000000001,proxy,All-business non-financial ICT rate used as a cross-vertical proxy; it is not a vertical-specific adoption rate.,,97.31
cybersecurity,Use of at least one ICT security measure,isoc_cisce_ra,E_SECMGE1,2024,LT,eastern_europe,C10-S951_X_K,GE250,PC_ENT,99.09,0.9909,proxy,All-business non-financial ICT rate used as a cross-vertical proxy; it is not a vertical-specific adoption rate.,,99.09
cybersecurity,Use of at least one ICT security measure,isoc_cisce_ra,E_SECMGE1,2024,LU,benelux,C10-S951_X_K,50-249,PC_ENT,94.86,0.9486,proxy,All-business non-financial ICT rate used as a cross-vertical proxy; it is not a vertical-specific adoption rate.,,94.86
cybersecurity,Use of at least one ICT security measure,isoc_cisce_ra,E_SECMGE1,2024,LU,benelux,C10-S951_X_K,GE250,PC_ENT,100.0,1.0,proxy,All-business non-financial ICT rate used as a cross-vertical proxy; it is not a vertical-specific adoption rate.,,100.00
cybersecurity,Use of at least one ICT security measure,isoc_cisce_ra,E_SECMGE1,2024,LV,eastern_europe,C10-S951_X_K,50-249,PC_ENT,96.64,0.9664,proxy,All-business non-financial ICT rate used as a cross-vertical proxy; it is not a vertical-specific adoption rate.,,96.64
cybersecurity,Use of at least one ICT security measure,isoc_cisce_ra,E_SECMGE1,2024,LV,eastern_europe,C10-S951_X_K,GE250,PC_ENT,100.0,1.0,proxy,All-business non-financial ICT rate used as a cross-vertical proxy; it is not a vertical-specific adoption rate.,,100.00
cybersecurity,Use of at least one ICT security measure,isoc_cisce_ra,E_SECMGE1,2024,NL,benelux,C10-S951_X_K,50-249,PC_ENT,98.73,0.9873000000000001,proxy,All-business non-financial ICT rate used as a cross-vertical proxy; it is not a vertical-specific adoption rate.,,98.73
cybersecurity,Use of at least one ICT security measure,isoc_cisce_ra,E_SECMGE1,2024,NL,benelux,C10-S951_X_K,GE250,PC_ENT,98.74,0.9873999999999999,proxy,All-business non-financial ICT rate used as a cross-vertical proxy; it is not a vertical-specific adoption rate.,,98.74
cybersecurity,Use of at least one ICT security measure,isoc_cisce_ra,E_SECMGE1,2024,NO,nordics,C10-S951_X_K,50-249,PC_ENT,98.15,0.9815,proxy,All-business non-financial ICT rate used as a cross-vertical proxy; it is not a vertical-specific adoption rate.,,98.15
cybersecurity,Use of at least one ICT security measure,isoc_cisce_ra,E_SECMGE1,2024,NO,nordics,C10-S951_X_K,GE250,PC_ENT,99.54,0.9954000000000001,proxy,All-business non-financial ICT rate used as a cross-vertical proxy; it is not a vertical-specific adoption rate.,,99.54
cybersecurity,Use of at least one ICT security measure,isoc_cisce_ra,E_SECMGE1,2024,PL,eastern_europe,C10-S951_X_K,50-249,PC_ENT,97.93,0.9793000000000001,proxy,All-business non-financial ICT rate used as a cross-vertical proxy; it is not a vertical-specific adoption rate.,,97.93
cybersecurity,Use of at least one ICT security measure,isoc_cisce_ra,E_SECMGE1,2024,PL,eastern_europe,C10-S951_X_K,GE250,PC_ENT,99.56,0.9956,proxy,All-business non-financial ICT rate used as a cross-vertical proxy; it is not a vertical-specific adoption rate.,,99.56
cybersecurity,Use of at least one ICT security measure,isoc_cisce_ra,E_SECMGE1,2024,PT,southern_europe,C10-S951_X_K,50-249,PC_ENT,98.11,0.9811,proxy,All-business non-financial ICT rate used as a cross-vertical proxy; it is not a vertical-specific adoption rate.,,98.11
cybersecurity,Use of at least one ICT security measure,isoc_cisce_ra,E_SECMGE1,2024,PT,southern_europe,C10-S951_X_K,GE250,PC_ENT,99.02,0.9902,proxy,All-business non-financial ICT rate used as a cross-vertical proxy; it is not a vertical-specific adoption rate.,,99.02
cybersecurity,Use of at least one ICT security measure,isoc_cisce_ra,E_SECMGE1,2024,RO,eastern_europe,C10-S951_X_K,50-249,PC_ENT,94.13,0.9412999999999999,proxy,All-business non-financial ICT rate used as a cross-vertical proxy; it is not a vertical-specific adoption rate.,,94.13
cybersecurity,Use of at least one ICT security measure,isoc_cisce_ra,E_SECMGE1,2024,RO,eastern_europe,C10-S951_X_K,GE250,PC_ENT,97.16,0.9716,proxy,All-business non-financial ICT rate used as a cross-vertical proxy; it is not a vertical-specific adoption rate.,,97.16
cybersecurity,Use of at least one ICT security measure,isoc_cisce_ra,E_SECMGE1,2024,SE,nordics,C10-S951_X_K,50-249,PC_ENT,97.97,0.9797,proxy,All-business non-financial ICT rate used as a cross-vertical proxy; it is not a vertical-specific adoption rate.,b,97.97 b
cybersecurity,Use of at least one ICT security measure,isoc_cisce_ra,E_SECMGE1,2024,SE,nordics,C10-S951_X_K,GE250,PC_ENT,99.64,0.9964,proxy,All-business non-financial ICT rate used as a cross-vertical proxy; it is not a vertical-specific adoption rate.,b,99.64 b
cybersecurity,Use of at least one ICT security measure,isoc_cisce_ra,E_SECMGE1,2024,SI,eastern_europe,C10-S951_X_K,50-249,PC_ENT,96.91,0.9691,proxy,All-business non-financial ICT rate used as a cross-vertical proxy; it is not a vertical-specific adoption rate.,,96.91
cybersecurity,Use of at least one ICT security measure,isoc_cisce_ra,E_SECMGE1,2024,SI,eastern_europe,C10-S951_X_K,GE250,PC_ENT,100.0,1.0,proxy,All-business non-financial ICT rate used as a cross-vertical proxy; it is not a vertical-specific adoption rate.,,100.00
cybersecurity,Use of at least one ICT security measure,isoc_cisce_ra,E_SECMGE1,2024,SK,eastern_europe,C10-S951_X_K,50-249,PC_ENT,93.8,0.938,proxy,All-business non-financial ICT rate used as a cross-vertical proxy; it is not a vertical-specific adoption rate.,,93.80
cybersecurity,Use of at least one ICT security measure,isoc_cisce_ra,E_SECMGE1,2024,SK,eastern_europe,C10-S951_X_K,GE250,PC_ENT,95.94,0.9594,proxy,All-business non-financial ICT rate used as a cross-vertical proxy; it is not a vertical-specific adoption rate.,,95.94
iot,Enterprise use of Internet of Things devices or systems,isoc_eb_iot,E_IOT1,2021,AT,dach,C10-S951_X_K,50-249,PC_ENT,63.2,0.632,proxy,All-business non-financial ICT rate used as a cross-vertical proxy; it is not vertical-specific and uses an older 2021 vintage.,,63.20
iot,Enterprise use of Internet of Things devices or systems,isoc_eb_iot,E_IOT1,2021,AT,dach,C10-S951_X_K,GE250,PC_ENT,73.88,0.7387999999999999,proxy,All-business non-financial ICT rate used as a cross-vertical proxy; it is not vertical-specific and uses an older 2021 vintage.,,73.88
iot,Enterprise use of Internet of Things devices or systems,isoc_eb_iot,E_IOT1,2021,BE,benelux,C10-S951_X_K,50-249,PC_ENT,38.6,0.386,proxy,All-business non-financial ICT rate used as a cross-vertical proxy; it is not vertical-specific and uses an older 2021 vintage.,,38.60
iot,Enterprise use of Internet of Things devices or systems,isoc_eb_iot,E_IOT1,2021,BE,benelux,C10-S951_X_K,GE250,PC_ENT,51.21,0.5121,proxy,All-business non-financial ICT rate used as a cross-vertical proxy; it is not vertical-specific and uses an older 2021 vintage.,,51.21
iot,Enterprise use of Internet of Things devices or systems,isoc_eb_iot,E_IOT1,2021,BG,eastern_europe,C10-S951_X_K,50-249,PC_ENT,19.83,0.19829999999999998,proxy,All-business non-financial ICT rate used as a cross-vertical proxy; it is not vertical-specific and uses an older 2021 vintage.,,19.83
iot,Enterprise use of Internet of Things devices or systems,isoc_eb_iot,E_IOT1,2021,BG,eastern_europe,C10-S951_X_K,GE250,PC_ENT,26.34,0.2634,proxy,All-business non-financial ICT rate used as a cross-vertical proxy; it is not vertical-specific and uses an older 2021 vintage.,,26.34
iot,Enterprise use of Internet of Things devices or systems,isoc_eb_iot,E_IOT1,2021,CZ,eastern_europe,C10-S951_X_K,50-249,PC_ENT,40.85,0.40850000000000003,proxy,All-business non-financial ICT rate used as a cross-vertical proxy; it is not vertical-specific and uses an older 2021 vintage.,,40.85
iot,Enterprise use of Internet of Things devices or systems,isoc_eb_iot,E_IOT1,2021,CZ,eastern_europe,C10-S951_X_K,GE250,PC_ENT,54.97,0.5497,proxy,All-business non-financial ICT rate used as a cross-vertical proxy; it is not vertical-specific and uses an older 2021 vintage.,,54.97
iot,Enterprise use of Internet of Things devices or systems,isoc_eb_iot,E_IOT1,2021,DE,germany,C10-S951_X_K,50-249,PC_ENT,42.71,0.42710000000000004,proxy,All-business non-financial ICT rate used as a cross-vertical proxy; it is not vertical-specific and uses an older 2021 vintage.,,42.71
iot,Enterprise use of Internet of Things devices or systems,isoc_eb_iot,E_IOT1,2021,DE,germany,C10-S951_X_K,GE250,PC_ENT,48.68,0.4868,proxy,All-business non-financial ICT rate used as a cross-vertical proxy; it is not vertical-specific and uses an older 2021 vintage.,,48.68
iot,Enterprise use of Internet of Things devices or systems,isoc_eb_iot,E_IOT1,2021,DK,nordics,C10-S951_X_K,50-249,PC_ENT,30.96,0.3096,proxy,All-business non-financial ICT rate used as a cross-vertical proxy; it is not vertical-specific and uses an older 2021 vintage.,,30.96
iot,Enterprise use of Internet of Things devices or systems,isoc_eb_iot,E_IOT1,2021,DK,nordics,C10-S951_X_K,GE250,PC_ENT,49.11,0.4911,proxy,All-business non-financial ICT rate used as a cross-vertical proxy; it is not vertical-specific and uses an older 2021 vintage.,,49.11
iot,Enterprise use of Internet of Things devices or systems,isoc_eb_iot,E_IOT1,2021,EE,eastern_europe,C10-S951_X_K,50-249,PC_ENT,21.06,0.21059999999999998,proxy,All-business non-financial ICT rate used as a cross-vertical proxy; it is not vertical-specific and uses an older 2021 vintage.,,21.06
iot,Enterprise use of Internet of Things devices or systems,isoc_eb_iot,E_IOT1,2021,EE,eastern_europe,C10-S951_X_K,GE250,PC_ENT,36.3,0.363,proxy,All-business non-financial ICT rate used as a cross-vertical proxy; it is not vertical-specific and uses an older 2021 vintage.,,36.30
iot,Enterprise use of Internet of Things devices or systems,isoc_eb_iot,E_IOT1,2021,ES,southern_europe,C10-S951_X_K,50-249,PC_ENT,35.89,0.3589,proxy,All-business non-financial ICT rate used as a cross-vertical proxy; it is not vertical-specific and uses an older 2021 vintage.,,35.89
iot,Enterprise use of Internet of Things devices or systems,isoc_eb_iot,E_IOT1,2021,ES,southern_europe,C10-S951_X_K,GE250,PC_ENT,43.74,0.4374,proxy,All-business non-financial ICT rate used as a cross-vertical proxy; it is not vertical-specific and uses an older 2021 vintage.,,43.74
iot,Enterprise use of Internet of Things devices or systems,isoc_eb_iot,E_IOT1,2021,FI,nordics,C10-S951_X_K,50-249,PC_ENT,42.33,0.4233,proxy,All-business non-financial ICT rate used as a cross-vertical proxy; it is not vertical-specific and uses an older 2021 vintage.,,42.33
iot,Enterprise use of Internet of Things devices or systems,isoc_eb_iot,E_IOT1,2021,FI,nordics,C10-S951_X_K,GE250,PC_ENT,63.1,0.631,proxy,All-business non-financial ICT rate used as a cross-vertical proxy; it is not vertical-specific and uses an older 2021 vintage.,,63.10
iot,Enterprise use of Internet of Things devices or systems,isoc_eb_iot,E_IOT1,2021,FR,france,C10-S951_X_K,50-249,PC_ENT,31.57,0.3157,proxy,All-business non-financial ICT rate used as a cross-vertical proxy; it is not vertical-specific and uses an older 2021 vintage.,,31.57
iot,Enterprise use of Internet of Things devices or systems,isoc_eb_iot,E_IOT1,2021,FR,france,C10-S951_X_K,GE250,PC_ENT,42.12,0.42119999999999996,proxy,All-business non-financial ICT rate used as a cross-vertical proxy; it is not vertical-specific and uses an older 2021 vintage.,,42.12
iot,Enterprise use of Internet of Things devices or systems,isoc_eb_iot,E_IOT1,2021,HR,eastern_europe,C10-S951_X_K,50-249,PC_ENT,32.59,0.3259,proxy,All-business non-financial ICT rate used as a cross-vertical proxy; it is not vertical-specific and uses an older 2021 vintage.,,32.59
iot,Enterprise use of Internet of Things devices or systems,isoc_eb_iot,E_IOT1,2021,HR,eastern_europe,C10-S951_X_K,GE250,PC_ENT,42.46,0.42460000000000003,proxy,All-business non-financial ICT rate used as a cross-vertical proxy; it is not vertical-specific and uses an older 2021 vintage.,,42.46
iot,Enterprise use of Internet of Things devices or systems,isoc_eb_iot,E_IOT1,2021,HU,eastern_europe,C10-S951_X_K,50-249,PC_ENT,31.53,0.3153,proxy,All-business non-financial ICT rate used as a cross-vertical proxy; it is not vertical-specific and uses an older 2021 vintage.,,31.53
iot,Enterprise use of Internet of Things devices or systems,isoc_eb_iot,E_IOT1,2021,HU,eastern_europe,C10-S951_X_K,GE250,PC_ENT,41.26,0.41259999999999997,proxy,All-business non-financial ICT rate used as a cross-vertical proxy; it is not vertical-specific and uses an older 2021 vintage.,,41.26
iot,Enterprise use of Internet of Things devices or systems,isoc_eb_iot,E_IOT1,2021,IE,uk_ireland,C10-S951_X_K,50-249,PC_ENT,46.47,0.4647,proxy,All-business non-financial ICT rate used as a cross-vertical proxy; it is not vertical-specific and uses an older 2021 vintage.,,46.47
iot,Enterprise use of Internet of Things devices or systems,isoc_eb_iot,E_IOT1,2021,IE,uk_ireland,C10-S951_X_K,GE250,PC_ENT,56.07,0.5607,proxy,All-business non-financial ICT rate used as a cross-vertical proxy; it is not vertical-specific and uses an older 2021 vintage.,,56.07
iot,Enterprise use of Internet of Things devices or systems,isoc_eb_iot,E_IOT1,2021,IT,southern_europe,C10-S951_X_K,50-249,PC_ENT,42.33,0.4233,proxy,All-business non-financial ICT rate used as a cross-vertical proxy; it is not vertical-specific and uses an older 2021 vintage.,,42.33
iot,Enterprise use of Internet of Things devices or systems,isoc_eb_iot,E_IOT1,2021,IT,southern_europe,C10-S951_X_K,GE250,PC_ENT,59.03,0.5903,proxy,All-business non-financial ICT rate used as a cross-vertical proxy; it is not vertical-specific and uses an older 2021 vintage.,,59.03
iot,Enterprise use of Internet of Things devices or systems,isoc_eb_iot,E_IOT1,2021,LT,eastern_europe,C10-S951_X_K,50-249,PC_ENT,41.09,0.41090000000000004,proxy,All-business non-financial ICT rate used as a cross-vertical proxy; it is not vertical-specific and uses an older 2021 vintage.,,41.09
iot,Enterprise use of Internet of Things devices or systems,isoc_eb_iot,E_IOT1,2021,LT,eastern_europe,C10-S951_X_K,GE250,PC_ENT,60.95,0.6095,proxy,All-business non-financial ICT rate used as a cross-vertical proxy; it is not vertical-specific and uses an older 2021 vintage.,,60.95
iot,Enterprise use of Internet of Things devices or systems,isoc_eb_iot,E_IOT1,2021,LU,benelux,C10-S951_X_K,50-249,PC_ENT,29.55,0.2955,proxy,All-business non-financial ICT rate used as a cross-vertical proxy; it is not vertical-specific and uses an older 2021 vintage.,,29.55
iot,Enterprise use of Internet of Things devices or systems,isoc_eb_iot,E_IOT1,2021,LU,benelux,C10-S951_X_K,GE250,PC_ENT,47.14,0.4714,proxy,All-business non-financial ICT rate used as a cross-vertical proxy; it is not vertical-specific and uses an older 2021 vintage.,,47.14
iot,Enterprise use of Internet of Things devices or systems,isoc_eb_iot,E_IOT1,2021,LV,eastern_europe,C10-S951_X_K,50-249,PC_ENT,41.04,0.4104,proxy,All-business non-financial ICT rate used as a cross-vertical proxy; it is not vertical-specific and uses an older 2021 vintage.,,41.04
iot,Enterprise use of Internet of Things devices or systems,isoc_eb_iot,E_IOT1,2021,LV,eastern_europe,C10-S951_X_K,GE250,PC_ENT,67.82,0.6781999999999999,proxy,All-business non-financial ICT rate used as a cross-vertical proxy; it is not vertical-specific and uses an older 2021 vintage.,,67.82
iot,Enterprise use of Internet of Things devices or systems,isoc_eb_iot,E_IOT1,2021,NL,benelux,C10-S951_X_K,50-249,PC_ENT,27.48,0.2748,proxy,All-business non-financial ICT rate used as a cross-vertical proxy; it is not vertical-specific and uses an older 2021 vintage.,,27.48
iot,Enterprise use of Internet of Things devices or systems,isoc_eb_iot,E_IOT1,2021,NL,benelux,C10-S951_X_K,GE250,PC_ENT,40.6,0.406,proxy,All-business non-financial ICT rate used as a cross-vertical proxy; it is not vertical-specific and uses an older 2021 vintage.,,40.60
iot,Enterprise use of Internet of Things devices or systems,isoc_eb_iot,E_IOT1,2021,NO,nordics,C10-S951_X_K,50-249,PC_ENT,30.05,0.3005,proxy,All-business non-financial ICT rate used as a cross-vertical proxy; it is not vertical-specific and uses an older 2021 vintage.,,30.05
iot,Enterprise use of Internet of Things devices or systems,isoc_eb_iot,E_IOT1,2021,NO,nordics,C10-S951_X_K,GE250,PC_ENT,49.94,0.49939999999999996,proxy,All-business non-financial ICT rate used as a cross-vertical proxy; it is not vertical-specific and uses an older 2021 vintage.,,49.94
iot,Enterprise use of Internet of Things devices or systems,isoc_eb_iot,E_IOT1,2021,PL,eastern_europe,C10-S951_X_K,50-249,PC_ENT,31.82,0.3182,proxy,All-business non-financial ICT rate used as a cross-vertical proxy; it is not vertical-specific and uses an older 2021 vintage.,,31.82
iot,Enterprise use of Internet of Things devices or systems,isoc_eb_iot,E_IOT1,2021,PL,eastern_europe,C10-S951_X_K,GE250,PC_ENT,51.17,0.5117,proxy,All-business non-financial ICT rate used as a cross-vertical proxy; it is not vertical-specific and uses an older 2021 vintage.,,51.17
iot,Enterprise use of Internet of Things devices or systems,isoc_eb_iot,E_IOT1,2021,PT,southern_europe,C10-S951_X_K,50-249,PC_ENT,,,proxy,All-business non-financial ICT rate used as a cross-vertical proxy; it is not vertical-specific and uses an older 2021 vintage.,,: u
iot,Enterprise use of Internet of Things devices or systems,isoc_eb_iot,E_IOT1,2021,PT,southern_europe,C10-S951_X_K,GE250,PC_ENT,46.12,0.4612,proxy,All-business non-financial ICT rate used as a cross-vertical proxy; it is not vertical-specific and uses an older 2021 vintage.,,46.12
iot,Enterprise use of Internet of Things devices or systems,isoc_eb_iot,E_IOT1,2021,RO,eastern_europe,C10-S951_X_K,50-249,PC_ENT,13.54,0.1354,proxy,All-business non-financial ICT rate used as a cross-vertical proxy; it is not vertical-specific and uses an older 2021 vintage.,,13.54
iot,Enterprise use of Internet of Things devices or systems,isoc_eb_iot,E_IOT1,2021,RO,eastern_europe,C10-S951_X_K,GE250,PC_ENT,23.59,0.2359,proxy,All-business non-financial ICT rate used as a cross-vertical proxy; it is not vertical-specific and uses an older 2021 vintage.,,23.59
iot,Enterprise use of Internet of Things devices or systems,isoc_eb_iot,E_IOT1,2021,SE,nordics,C10-S951_X_K,50-249,PC_ENT,49.89,0.4989,proxy,All-business non-financial ICT rate used as a cross-vertical proxy; it is not vertical-specific and uses an older 2021 vintage.,,49.89
iot,Enterprise use of Internet of Things devices or systems,isoc_eb_iot,E_IOT1,2021,SE,nordics,C10-S951_X_K,GE250,PC_ENT,60.87,0.6087,proxy,All-business non-financial ICT rate used as a cross-vertical proxy; it is not vertical-specific and uses an older 2021 vintage.,,60.87
iot,Enterprise use of Internet of Things devices or systems,isoc_eb_iot,E_IOT1,2021,SI,eastern_europe,C10-S951_X_K,50-249,PC_ENT,60.79,0.6079,proxy,All-business non-financial ICT rate used as a cross-vertical proxy; it is not vertical-specific and uses an older 2021 vintage.,,60.79
iot,Enterprise use of Internet of Things devices or systems,isoc_eb_iot,E_IOT1,2021,SI,eastern_europe,C10-S951_X_K,GE250,PC_ENT,77.88,0.7787999999999999,proxy,All-business non-financial ICT rate used as a cross-vertical proxy; it is not vertical-specific and uses an older 2021 vintage.,,77.88
iot,Enterprise use of Internet of Things devices or systems,isoc_eb_iot,E_IOT1,2021,SK,eastern_europe,C10-S951_X_K,50-249,PC_ENT,39.38,0.39380000000000004,proxy,All-business non-financial ICT rate used as a cross-vertical proxy; it is not vertical-specific and uses an older 2021 vintage.,,39.38
iot,Enterprise use of Internet of Things devices or systems,isoc_eb_iot,E_IOT1,2021,SK,eastern_europe,C10-S951_X_K,GE250,PC_ENT,46.96,0.4696,proxy,All-business non-financial ICT rate used as a cross-vertical proxy; it is not vertical-specific and uses an older 2021 vintage.,,46.96
